Symbol,HGNC_ID
A1BG,5
A2M,7
A2ML1,23336
A4GALT,18149
A4GNT,17968
AAAS,13666
AACS,21298
AADAC,17
AADAT,17929
AAK1,19679
AANAT,19
AARS1,20
AARS2,21022
AASDH,23993
AASDHPPT,14235
AASS,17366
AATBC,51526
AATF,19235
AATK,21
AAVS1,22
ABALON,49667
ABAT,23
ABCA1,29
ABCA10,30
ABCA11P,31
ABCA13,14638
ABCA17P,32972
ABCA2,32
ABCA3,33
ABCA4,34
ABCA5,35
ABCA7,37
ABCA8,38
ABCA9,39
ABCB1,40
ABCB10,41
ABCB11,42
ABCB4,45
ABCB6,47
ABCB8,49
ABCB9,50
ABCC1,51
ABCC11,14639
ABCC2,53
ABCC3,54
ABCC4,55
ABCC5,56
ABCC6,57
ABCC8,59
ABCC9,60
ABCD1,61
ABCD2,66
ABCD3,67
ABCE1,69
ABCF2,71
ABCG1,73
ABCG2,74
ABCG5,13886
ABCG8,13887
ABHD11,16407
ABHD12,15868
ABHD16A,13921
ABHD16B,16128
ABHD2,18717
ABHD5,21396
ABHD6,21398
ABI1,11320
ABI2,24011
ABI3,29859
ABL1,76
ABL2,77
ABLIM1,78
ABLIM2,19195
ABLIM3,29132
ABO,79
ABR,81
ABRACL,21230
ABRAXAS1,25829
ABT1,17369
ABTB1,18275
ABTB2,23842
ABTB3,23844
ACAA1,82
ACAA2,83
ACACA,84
ACACB,85
ACAD10,21597
ACAD11,30211
ACAD8,87
ACAD9,21497
ACADL,88
ACADM,89
ACADS,90
ACADSB,91
ACADVL,92
ACAN,319
ACAP1,16467
ACAP2,16469
ACAP3,16754
ACAT1,93
ACAT2,94
ACBD3,15453
ACBD5,23338
ACBD6,23339
ACD,25070
ACE,2707
ACE2,13557
ACER1,18356
ACER2,23675
ACER3,16066
ACHE,108
ACIN1,17066
ACKR1,4035
ACKR2,1565
ACKR3,23692
ACKR4,1611
ACLY,115
ACMSD,19288
ACO1,117
ACO2,118
ACOD1,33904
ACOT1,33128
ACOT11,18156
ACOT12,24436
ACOT13,20999
ACOT2,18431
ACOT4,19748
ACOT6,33159
ACOT7,24157
ACOT8,15919
ACOT9,17152
ACOX1,119
ACOX2,120
ACOX3,121
ACOXL,25621
ACP1,122
ACP2,123
ACP3,125
ACP4,14376
ACP5,124
ACP6,29609
ACP7,33781
ACR,126
ACSBG1,29567
ACSBG2,24174
ACSF2,26101
ACSF3,27288
ACSL1,3569
ACSL3,3570
ACSL4,3571
ACSL5,16526
ACSL6,16496
ACSM1,18049
ACSM2A,32017
ACSM2B,30931
ACSM3,10522
ACSM4,32016
ACSM5,26060
ACSS1,16091
ACSS2,15814
ACSS3,24723
ACTA1,129
ACTA2,130
ACTA2_AS1,45169
ACTB,132
ACTBP1,134
ACTBP9,142
ACTC1,143
ACTG1,144
ACTG1P21,51501
ACTG1P22,51502
ACTG2,145
ACTL6A,24124
ACTL6B,160
ACTL8,24018
ACTL9,28494
ACTN1,163
ACTN2,164
ACTN3,165
ACTN4,166
ACTR1A,167
ACTR2,169
ACTR3,170
ACTR5,14671
ACTR8,14672
ACTRT1,24027
ACTRT2,24026
ACVR1,171
ACVR1B,172
ACVR1C,18123
ACVR2A,173
ACVR2B,174
ACVRL1,175
ACY1,177
ACY3,24104
ACYP1,179
ACYP2,180
ADA,186
ADA2,1839
ADAM10,188
ADAM12,190
ADAM15,193
ADAM17,195
ADAM19,197
ADAM1A,187
ADAM2,198
ADAM22,201
ADAM23,202
ADAM28,206
ADAM33,15478
ADAM7,214
ADAM8,215
ADAM9,216
ADAMTS1,217
ADAMTS10,13201
ADAMTS13,1366
ADAMTS14,14899
ADAMTS16,17108
ADAMTS18,17110
ADAMTS2,218
ADAMTS4,220
ADAMTS5,221
ADAMTS6,222
ADAMTS7P4,49410
ADAMTS9,13202
ADAMTSL1,14632
ADAMTSL3,14633
ADAMTSL4,19706
ADAP1,16486
ADAP2,16487
ADAR,225
ADARB1,226
ADARB2,227
ADAT1,228
ADAT3,25151
ADCK1,19038
ADCK5,21738
ADCY1,232
ADCY10,21285
ADCY2,233
ADCY3,234
ADCY4,235
ADCY5,236
ADCY6,237
ADCY7,238
ADCY8,239
ADCY9,240
ADCYAP1,241
ADCYAP1R1,242
ADD1,243
ADD2,244
ADD3,245
ADGRA2,17849
ADGRA3,13839
ADGRB1,943
ADGRB2,944
ADGRB3,945
ADGRD1,19893
ADGRE5,1711
ADGRF1,18990
ADGRF3,18989
ADGRG1,4512
ADGRG2,4516
ADGRG3,13728
ADGRG5,19010
ADGRG6,13841
ADGRL1,20973
ADGRL2,18582
ADGRL3,20974
ADGRL4,20822
ADGRV1,17416
ADH1A,249
ADH1B,250
ADH1C,251
ADH4,252
ADH5,253
ADH6,255
ADH7,256
ADHFE1,16354
ADI1,30576
ADIPOQ,13633
ADIPOR1,24040
ADIPOR2,24041
ADK,257
ADM,259
ADM2,28898
ADNP,15766
ADO,23506
ADORA1,262
ADORA2A,263
ADORA2B,264
ADORA3,268
ADPGK,25250
ADPRH,269
ADPRM,30925
ADRA1A,277
ADRA1B,278
ADRA1D,280
ADRA2A,281
ADRA2B,282
ADRA2C,283
ADRB1,285
ADRB2,286
ADRB3,288
ADRM1,15759
ADSL,291
ADSS1,20093
ADSS2,292
AEBP1,303
AEBP2,24051
AEN,25722
AFAP1,24017
AFAP1L2,25901
AFDN,7137
AFF1,7135
AFF2,3776
AFF3,6473
AFF4,17869
AFG1L,16411
AFG3L1P,314
AFG3L2,315
AFM,316
AFMID,20910
AFP,317
AGA,318
AGAP1,16922
AGAP2,16921
AGAP2_AS1,48633
AGAP3,16923
AGBL4,25892
AGBL5,26147
AGER,320
AGFG1,5175
AGFG2,5177
AGGF1,24684
AGK,21869
AGL,321
AGMAT,18407
AGMO,33784
AGO1,3262
AGO2,3263
AGO3,18421
AGO4,18424
AGPAT1,324
AGPAT2,325
AGPAT3,326
AGPAT4,20885
AGPAT5,20886
AGPS,327
AGR2,328
AGRN,329
AGRP,330
AGT,333
AGTPBP1,17258
AGTR1,336
AGTR2,338
AGTRAP,13539
AGXT,341
AGXT2,14412
AHCTF1,24618
AHCY,343
AHCYL1,344
AHCYL2,22204
AHCYP3,44995
AHDC1,25230
AHI1,21575
AHNAK,347
AHNAK2,20125
AHR,348
AHRR,346
AHSA1,1189
AHSA2P,20437
AHSG,349
AHSP,18075
AICDA,13203
AIDA,25761
AIF1,352
AIF1L,28904
AIFM1,8768
AIFM2,21411
AIFM3,26398
AIG1,21607
AIM2,357
AIMP1,10648
AIMP2,20609
AIP,358
AIRE,360
AIRIM,26039
AJAP1,30801
AJUBA,20250
AJUBA_DT,55449
AK1,361
AK2,362
AK3,17376
AK3P4,39063
AK4,363
AK4P3,21596
AK5,365
AK6,49151
AK7,20091
AK8,26526
AK9,33814
AKAP1,367
AKAP10,368
AKAP11,369
AKAP12,370
AKAP13,371
AKAP3,373
AKAP4,374
AKAP5,375
AKAP6,376
AKAP7,377
AKAP8,378
AKAP8L,29857
AKAP9,379
AKIRIN2,21407
AKNA,24108
AKR1A1,380
AKR1B1,381
AKR1B10,382
AKR1B15,37281
AKR1C1,384
AKR1C2,385
AKR1C3,386
AKR1C4,387
AKR1C6P,44680
AKR1C7P,44681
AKR1D1,388
AKR7A2,389
AKR7A3,390
AKT1,391
AKT1S1,28426
AKT2,392
AKT3,393
AKTIP,16710
ALAD,395
ALAS1,396
ALAS2,397
ALB,399
ALCAM,400
ALDH18A1,9722
ALDH1A1,402
ALDH1A2,15472
ALDH1A3,409
ALDH1B1,407
ALDH1L1,3978
ALDH1L2,26777
ALDH2,404
ALDH3A1,405
ALDH3A2,403
ALDH3B1,410
ALDH3B2,411
ALDH4A1,406
ALDH5A1,408
ALDH6A1,7179
ALDH7A1,877
ALDH7A1P4,881
ALDH8A1,15471
ALDH9A1,412
ALDOA,414
ALDOB,417
ALDOC,418
ALG1,18294
ALG10,23162
ALG10B,31088
ALG11,32456
ALG12,19358
ALG13,30881
ALG14,28287
ALG1L1P,33721
ALG1L2,37258
ALG2,23159
ALG3,23056
ALG5,20266
ALG6,23157
ALG8,23161
ALG9,15672
ALK,427
ALKBH5,25996
ALKBH6,28243
ALKBH7,21306
ALLC,17377
ALOX12,429
ALOX12B,430
ALOX15,433
ALOX15B,434
ALOX5,435
ALOX5AP,436
ALOXE3,13743
ALPG,441
ALPI,437
ALPK1,20917
ALPK2,20565
ALPK3,17574
ALPL,438
ALPP,439
ALS2,443
ALX1,1494
ALX3,449
ALX4,450
ALYREF,19071
AMACR,451
AMBN,452
AMBRA1,25990
AMD1,457
AMDHD1,28577
AMDHD2,24262
AMELY,462
AMER1,26837
AMFR,463
AMH,464
AMHR2,465
AMMECR1,467
AMN,14604
AMN1,27281
AMOT,17810
AMOTL1,17811
AMOTL2,17812
AMPD1,468
AMPD2,469
AMPD3,470
AMPH,471
AMT,473
AMY1A,474
AMY1B,475
AMY1C,476
AMY2A,477
AMY2B,478
AMZ1,22231
AMZ2P2,38072
ANAPC1,19988
ANAPC10,24077
ANAPC11,14452
ANAPC13,24540
ANAPC15,24531
ANAPC2,19989
ANAPC4,19990
ANAPC5,15713
ANAPC7,17380
ANG,483
ANGPT1,484
ANGPT2,485
ANGPT4,487
ANGPTL1,489
ANGPTL2,490
ANGPTL4,16039
ANGPTL6,23140
ANK1,492
ANK2,493
ANK3,494
ANKFN1,26766
ANKH,15492
ANKHD1,24714
ANKIB1,22215
ANKLE2,29101
ANKMY1,20987
ANKRD1,15819
ANKRD11,21316
ANKRD12,29135
ANKRD13A,21268
ANKRD13B,26363
ANKRD13D,27880
ANKRD16,23471
ANKRD17,23575
ANKRD19P,22567
ANKRD2,495
ANKRD23,24470
ANKRD24,29424
ANKRD26,29186
ANKRD26P1,32955
ANKRD28,29024
ANKRD33,13788
ANKRD33B,35240
ANKRD34C,33888
ANKRD35,26323
ANKRD37,29593
ANKRD39,28640
ANKRD44,25259
ANKRD46,27229
ANKRD54,25185
ANKRD55,25681
ANKRD6,17280
ANKRD7,18588
ANKRD9,20096
ANKS1A,20961
ANKS1B,24600
ANKS6,26724
ANKUB1,29642
ANKZF1,25527
ANLN,14082
ANO1,21625
ANO10,25519
ANO2,1183
ANO4,23837
ANO6,25240
ANO7,31677
ANO9,20679
ANOS1,6211
ANP32A,13233
ANP32B,16677
ANP32E,16673
ANPEP,500
ANTKMT,14152
ANTXR1,21014
ANTXR2,21732
ANXA1,533
ANXA10,534
ANXA11,535
ANXA13,536
ANXA2,537
ANXA2P1,538
ANXA2P3,540
ANXA2R,33463
ANXA3,541
ANXA4,542
ANXA5,543
ANXA6,544
ANXA7,545
ANXA9,547
AOAH,548
AOC1,80
AOC2,549
AOC3,550
AOPEP,1361
AOX1,553
AP1AR,28808
AP1B1,554
AP1G1,555
AP1G2,556
AP1M1,13667
AP1S1,559
AP1S2,560
AP2A1,561
AP2A2,562
AP2B1,563
AP2M1,564
AP2S1,565
AP3B1,566
AP3B2,567
AP3D1,568
AP3M1,569
AP3M2,570
AP3S1,2013
AP3S2,571
AP4B1,572
AP4S1,575
AP5Z1,22197
APAF1,576
APBA1,578
APBA2,579
APBA3,580
APBB1,581
APBB1IP,17379
APBB2,582
APC,583
APC2,24036
APCDD1L,26892
APCS,584
APEX1,587
APEX2,17889
APH1A,29509
APH1B,24080
API5,594
APIP,17581
APLF,28724
APLN,16665
APLNR,339
APLP1,597
APLP2,598
APMAP,13238
APOA1,600
APOA2,601
APOA4,602
APOA5,17288
APOB,603
APOBEC1,604
APOBEC2,605
APOBEC3A,17343
APOBEC3B,17352
APOBEC3C,17353
APOBEC3D,17354
APOBEC3F,17356
APOBEC3G,17357
APOBEC4,32152
APOBR,24087
APOC1,607
APOC2,609
APOC3,610
APOE,613
APOF,615
APOH,616
APOL2,619
APOL3,14868
APOL4,14867
APOL6,14870
APOLD1,25268
APP,620
APPBP2,622
APPL1,24035
APPL2,18242
APRT,626
APTX,15984
AQP1,633
AQP10,16029
AQP2,634
AQP3,636
AQP4,637
AQP5,638
AQP6,639
AQP7,640
AQP8,642
AQP9,643
AQR,29513
AR,644
ARAF,646
ARAP1,16925
ARAP2,16924
ARAP3,24097
ARB2A,25365
ARC,648
ARCN1,649
AREG,651
AREL1,20363
ARF1,652
ARF3,654
ARF4,655
ARF5,658
ARF6,659
ARFGAP1,15852
ARFGAP2,13504
ARFGAP3,661
ARFGEF1,15772
ARFGEF2,15853
ARFIP1,21496
ARFIP2,17160
ARFRP1,662
ARG1,663
ARG2,664
ARGLU1,25482
ARHGAP1,673
ARHGAP10,26099
ARHGAP11A,15783
ARHGAP11B,15782
ARHGAP12,16348
ARHGAP15,21030
ARHGAP17,18239
ARHGAP18,21035
ARHGAP19,23724
ARHGAP20,18357
ARHGAP21,23725
ARHGAP22,30320
ARHGAP23,29293
ARHGAP24,25361
ARHGAP25,28951
ARHGAP26,17073
ARHGAP27,31813
ARHGAP28,25509
ARHGAP29,30207
ARHGAP30,27414
ARHGAP31,29216
ARHGAP32,17399
ARHGAP33,23085
ARHGAP35,4591
ARHGAP39,29351
ARHGAP4,674
ARHGAP40,16226
ARHGAP42,26545
ARHGAP44,29096
ARHGAP45,17102
ARHGAP5,675
ARHGAP6,676
ARHGAP8,677
ARHGAP9,14130
ARHGDIA,678
ARHGDIB,679
ARHGEF1,681
ARHGEF10,14103
ARHGEF10L,25540
ARHGEF11,14580
ARHGEF12,14193
ARHGEF15,15590
ARHGEF16,15515
ARHGEF17,21726
ARHGEF18,17090
ARHGEF19,26604
ARHGEF2,682
ARHGEF25,30275
ARHGEF26,24490
ARHGEF28,30322
ARHGEF3,683
ARHGEF37,34430
ARHGEF38,25968
ARHGEF4,684
ARHGEF5,13209
ARHGEF6,685
ARHGEF7,15607
ARHGEF9,14561
ARID1A,11110
ARID1B,18040
ARID2,18037
ARID3A,3031
ARID3B,14350
ARID3C,21209
ARID4A,9885
ARID4B,15550
ARID5A,17361
ARID5B,17362
ARIH1,689
ARIH2,690
ARK2C,31696
ARK2N,28172
ARL1,692
ARL10,22042
ARL14EPL,44201
ARL15,25945
ARL16,27902
ARL2,693
ARL4A,695
ARL4C,698
ARL5A,696
ARL5C,31111
ARL6IP4,18076
ARL6IP5,16937
ARL8A,25192
ARLN,19225
ARMC10,21706
ARMC10P1,43646
ARMC3,30964
ARMC5,25781
ARMC6,25049
ARMC8,24999
ARMC9,20730
ARMH1,34345
ARNT,700
ARNT2,16876
ARPC1A,703
ARPC1B,704
ARPC2,705
ARPC3,706
ARPC3P5,39435
ARPC4,707
ARPC5,708
ARPC5L,23366
ARPP19,16967
ARPP21,16968
ARR3,710
ARRB1,711
ARRB2,712
ARRDC1,28633
ARRDC2,25225
ARRDC3,29263
ARRDC4,28087
ARRDC5,31407
ARSA,713
ARSB,714
ARSD,717
ARSF,721
ARSG,24102
ARSI,32521
ARSL,719
ART1,723
ART3,725
ART4,726
ART5,24049
ARTN,727
ARVCF,728
ARX,18060
AS3MT,17452
ASAH1,735
ASAH2,18860
ASAP1,2720
ASAP1_IT1,24998
ASAP2,2721
ASAP3,14987
ASB1,16011
ASB11,17186
ASB12,19763
ASB13,19765
ASB15,19767
ASB2,16012
ASB3,16013
ASB4,16009
ASB8,17183
ASB9,17184
ASCC1,24268
ASCC2,24103
ASCC3,18697
ASCL1,738
ASCL2,739
ASDURF,53619
ASF1A,20995
ASF1B,20996
ASH1L,19088
ASH2L,744
ASIC1,100
ASIC2,99
ASIC3,101
ASIC4,21263
ASIP,745
ASL,746
ASMT,750
ASMTL_AS1,25811
ASNS,753
ASNSP6,49876
ASPA,756
ASPG,20123
ASPH,757
ASPN,14872
ASPSCR1,13825
ASRGL1,16448
ASS1,758
ASTL,31704
ASTN1,773
ASTN2,17021
ASXL1,18318
ASXL2,23805
ASXL3,29357
ASZ1,1350
ATAD2,30123
ATAD2B,29230
ATAD3B,24007
ATAD5,25752
ATAT1,21186
ATCAY,779
ATE1,782
ATF1,783
ATF2,784
ATF3,785
ATF4,786
ATF5,790
ATF6,791
ATF6B,2349
ATF7,792
ATF7IP,20092
ATF7IP2,20397
ATG10,20315
ATG101,25679
ATG12,588
ATG13,29091
ATG14,19962
ATG16L1,21498
ATG16L2,25464
ATG2A,29028
ATG2B,20187
ATG3,20962
ATG4B,20790
ATG4C,16040
ATG4D,20789
ATG5,589
ATG7,16935
ATG9A,22408
ATG9B,21899
ATIC,794
ATL1,11231
ATL2,24047
ATL3,24526
ATM,795
ATN1,3033
ATOH1,797
ATOH7,13907
ATOH8,24126
ATOSA,25609
ATOSB,25666
ATP10A,13542
ATP10B,13543
ATP11A,13552
ATP11AUN,33793
ATP11C,13554
ATP12A,13816
ATP13A1,24215
ATP13A2,30213
ATP13A3,24113
ATP1A1,799
ATP1A2,800
ATP1A3,801
ATP1A4,14073
ATP1B1,804
ATP1B1P1,809
ATP1B2,805
ATP1B3,806
ATP1B3P1,807
ATP1B4,808
ATP2A1,811
ATP2A2,812
ATP2A3,813
ATP2B1,814
ATP2B2,815
ATP2B3,816
ATP2B4,817
ATP2C1,13211
ATP2C2,29103
ATP4A,819
ATP4B,820
ATP5F1A,823
ATP5F1B,830
ATP5F1C,833
ATP5F1D,837
ATP5F1E,838
ATP5F1EP2,34026
ATP5IF1,871
ATP5MC1,841
ATP5MC1P3,39506
ATP5MC2,842
ATP5MC3,843
ATP5ME,846
ATP5MF,848
ATP5MFP3,21286
ATP5MFP5,33611
ATP5MG,14247
ATP5MGL,13213
ATP5MJ,1188
ATP5MK,30889
ATP5PB,840
ATP5PD,845
ATP5PF,847
ATP5PO,850
ATP6AP1,868
ATP6AP1L,28091
ATP6AP2,18305
ATP6V0A1,865
ATP6V0A2,18481
ATP6V0A4,866
ATP6V0B,861
ATP6V0C,855
ATP6V0D1,13724
ATP6V0D2,18266
ATP6V0E1,863
ATP6V0E2,21723
ATP6V1A,851
ATP6V1B1,853
ATP6V1B2,854
ATP6V1C1,856
ATP6V1C2,18264
ATP6V1D,13527
ATP6V1E1,857
ATP6V1E2,18125
ATP6V1F,16832
ATP6V1G1,864
ATP6V1G2,862
ATP6V1G3,18265
ATP6V1H,18303
ATP7A,869
ATP7B,870
ATP8A1,13531
ATP8A2,13533
ATP8A2P3,42641
ATP8B1,3706
ATP8B2,13534
ATP8B3,13535
ATP8B4,13536
ATP9A,13540
ATP9B,13541
ATR,882
ATRIP,33499
ATRN,885
ATRNL1,29063
ATRX,886
ATXN1,10548
ATXN10,10549
ATXN2,10555
ATXN2L,31326
ATXN3,7106
ATXN7,10560
ATXN7L1,22210
ATXN7L3,25416
AUH,890
AURKA,11393
AURKAIP1,24114
AURKB,11390
AURKC,11391
AUTS2,14262
AVEN,13509
AVL9,28994
AVP,894
AVPI1,30898
AVPR1A,895
AVPR1B,896
AVPR2,897
AWAT1,23252
AWAT2,23251
AXDND1,26564
AXIN1,903
AXIN2,904
AXL,905
AZI2,24002
AZIN1,16432
AZIN2,29957
B2M,914
B3GALNT1,918
B3GALNT2,28596
B3GALT1,916
B3GALT2,917
B3GALT4,919
B3GALT5,920
B3GALT6,17978
B3GAT1,921
B3GAT2,922
B3GAT3,923
B3GLCT,20207
B3GNT2,15629
B3GNT3,13528
B3GNT4,15683
B3GNT5,15684
B3GNT6,24141
B3GNT7,18811
B3GNT8,24139
B3GNT9,28714
B3GNTL1,21727
B3GNTL1P2,51318
B4GALNT1,4117
B4GALNT2,24136
B4GALNT3,24137
B4GALNT4,26315
B4GALT1,924
B4GALT2,925
B4GALT3,926
B4GALT4,927
B4GALT5,928
B4GALT6,929
B4GALT7,930
B4GAT1,15685
B9D1,24123
BAALC,14333
BAAT,932
BABAM1,25008
BABAM2,1106
BACE1,933
BACE2,934
BACH1,935
BACH2,14078
BAD,936
BAG1,937
BAG2,938
BAG3,939
BAG4,940
BAG5,941
BAG6,13919
BAHCC1,29279
BAHD1,29153
BAIAP2,947
BAIAP2L1,21649
BAIAP3,948
BAK1,949
BAMBI,30251
BANCR,43877
BANF1,17397
BANF1P1,20252
BANK1,18233
BANP,13450
BAP1,950
BARD1,952
BARHL1,953
BARHL2,954
BARX1,955
BARX2,956
BASP1,957
BATF,958
BATF2,25163
BATF3,28915
BAX,959
BAZ1B,961
BAZ2A,962
BAZ2B,963
BBC3,17868
BBIP1,28093
BBOX1,964
BBS1,966
BBS2,967
BBS4,969
BBS5,970
BBS7,18758
BBS9,30000
BBX,14422
BCAM,6722
BCAP31,16695
BCAR1,971
BCAR3,973
BCAS1,974
BCAS2,975
BCAS3,14347
BCAS4,14367
BCAT1,976
BCAT2,977
BCCIP,978
BCHE,983
BCKDHA,986
BCKDHB,987
BCKDK,16902
BCL10,989
BCL11A,13221
BCL11B,13222
BCL2,990
BCL2A1,991
BCL2L1,992
BCL2L10,993
BCL2L11,994
BCL2L12,13787
BCL2L13,17164
BCL2L14,16657
BCL2L2,995
BCL3,998
BCL6,1001
BCL7A,1004
BCL7B,1005
BCL7C,1006
BCL9,1008
BCL9L,23688
BCLAF1,16863
BCO1,13815
BCO2,18503
BCOR,20893
BCORL1,25657
BCR,1014
BCRP9,49113
BCS1L,1020
BCYRN1,1022
BDH1,1027
BDH2,32389
BDKRB1,1029
BDKRB2,1030
BDNF,1033
BDP1,13652
BECN1,1034
BEGAIN,24163
BEND3,23040
BEST1,12703
BET1,14562
BET1P1,51363
BEX1,1036
BEX3,13388
BEX4,25475
BEX5,27990
BFAR,17613
BFSP1,1040
BFSP2,1041
BGLAP,1043
BGN,1044
BHLHE22,11963
BHLHE40,1046
BHLHE41,16617
BHMT,1047
BHMT2,1048
BICD1,1049
BICD2,17208
BICDL1,28095
BICRA,4332
BICRAL,21111
BID,1050
BIK,1051
BIN1,1052
BIN2,1053
BIN3,1054
BIRC2,590
BIRC3,591
BIRC5,593
BIRC6,13516
BIRC7,13702
BIRC8,14878
BISPR,51290
BLACE,20484
BLCAP,1055
BLK,1057
BLM,1058
BLMH,1059
BLNK,14211
BLOC1S1,4200
BLOC1S2,20984
BLOC1S3,20914
BLOC1S4,24206
BLOC1S5,18561
BLOC1S6,8549
BLTP1,26953
BLTP2,28960
BLTP3A,21216
BLVRA,1062
BLVRB,1063
BLZF1,1065
BMAL1,701
BMAL2,18984
BMERB1,19213
BMF,24132
BMI1,1066
BMI1P1,51428
BMP1,1067
BMP10,20869
BMP15,1068
BMP2,1069
BMP2K,18041
BMP3,1070
BMP4,1071
BMP5,1072
BMP6,1073
BMP7,1074
BMP8A,21650
BMP8B,1075
BMPER,24154
BMPR1A,1076
BMPR1AP2,21743
BMPR1B,1077
BMPR2,1078
BMX,1079
BNC1,1081
BNC2,30988
BNIP1,1082
BNIP2,1083
BNIP3,1084
BNIP3L,1085
BNIP3P22,49702
BOC,17173
BOD1,25114
BOK,1087
BOLA1,24263
BORA,24724
BPGM,1093
BPHL,1094
BPI,1095
BPIFB1,16108
BPIFB4,16179
BPNT1,1096
BPNT2,26019
BPTF,3581
BRAF,1097
BRAP,1099
BRCA1,1100
BRCA2,1101
BRCC3,24185
BRD10,23378
BRD2,1103
BRD3,1104
BRD4,13575
BRD7,14310
BRD7P6,37632
BRD8,19874
BRD9,25818
BRDT,1105
BRF1,11551
BRF2,17298
BRI3,1109
BRINP1,2687
BRIP1,20473
BRK1,23057
BRME1,28153
BRMS1,17262
BRPF1,14255
BRPF3,14256
BRS3,1113
BRSK1,18994
BRSK2,11405
BRWD1,12760
BRWD1P3,51530
BRWD3,17342
BSCL2,15832
BSG,1116
BSN,1117
BSND,16512
BSPRY,18232
BST1,1118
BST2,1119
BSX,20450
BTAF1,17307
BTBD16,26340
BTBD2,15504
BTBD3,15854
BTBD9,21228
BTC,1121
BTD,1122
BTF3,1125
BTF3P10,38570
BTF3P7,38569
BTG1,1130
BTG2,1131
BTG3,1132
BTK,1133
BTLA,21087
BTN3A1,1138
BTN3A3,1140
BTNL8,26131
BTRC,1144
BUB1,1148
BUB1B,1149
BUB3,1151
BUD13,28199
BZW1,18380
BZW2,18808
C10ORF105,20304
C10ORF53,27421
C10ORF55,31008
C10ORF90,26563
C11ORF24,1174
C11ORF58,16990
C12ORF42,24729
C12ORF43,25719
C12ORF60,28726
C12ORF76,33790
C14ORF132,20346
C14ORF39,19849
C15ORF39,24497
C16ORF74,23362
C16ORF87,33754
C17ORF58,27568
C17ORF67,27900
C19ORF12,25443
C19ORF81,40041
C1D,29911
C1GALT1,24337
C1GALT1C1,24338
C1ORF116,28667
C1ORF127,26730
C1ORF159,26062
C1ORF167,25262
C1ORF185,28096
C1ORF21,15494
C1ORF216,26800
C1ORF220,33805
C1QA,1241
C1QB,1242
C1QBP,1243
C1QC,1245
C1QTNF1,14324
C1QTNF12,32308
C1QTNF3,14326
C1QTNF5,14344
C1QTNF6,14343
C1QTNF8,31374
C1R,1246
C1RL,21265
C1S,1247
C2,1248
C20ORF203,26592
C20ORF204,27655
C22ORF39,27012
C2CD2,1266
C2CD2L,29000
C2CD5,29062
C2ORF42,26056
C2ORF72,27418
C2ORF74,34439
C2ORF88,28191
C3,1318
C3AR1,1319
C3ORF18,24837
C3ORF70,33731
C3ORF86P,44570
C4A,1323
C4B,1324
C4BPA,1325
C4BPB,1328
C4ORF36,28386
C5,1331
C5AR1,1338
C5AR2,4527
C5ORF34,24738
C6,1339
C6ORF132,21288
C6ORF141,21351
C7,1346
C7ORF57,22247
C8A,1352
C8B,1353
C8G,1354
C8ORF17,17737
C8ORF34,30905
C8ORF76,25924
C9,1358
C9ORF43,23570
C9ORF57,27037
C9ORF72,28337
C9ORF85,28784
CA1,1368
CA10,1369
CA11,1370
CA12,1371
CA13,14914
CA14,1372
CA2,1373
CA3,1374
CA4,1375
CA5A,1377
CA5B,1378
CA6,1380
CA7,1381
CA9,1383
CAB39,20292
CABCOCO1,28678
CABIN1,24187
CABLES1,25097
CABLES2,16143
CABP1,1384
CACHD1,29314
CACNA1A,1388
CACNA1B,1389
CACNA1C,1390
CACNA1D,1391
CACNA1E,1392
CACNA1F,1393
CACNA1G,1394
CACNA1H,1395
CACNA1I,1396
CACNA1S,1397
CACNA2D1,1399
CACNA2D2,1400
CACNA2D3,15460
CACNA2D4,20202
CACNB1,1401
CACNB2,1402
CACNB3,1403
CACNB4,1404
CACNG1,1405
CACNG2,1406
CACNG3,1407
CACNG4,1408
CACNG6,13625
CACNG7,13626
CACNG8,13628
CACTIN,29938
CACUL1,23727
CACYBP,30423
CAD,1424
CADM1,5951
CADM2,29849
CADPS,1426
CADPS2,16018
CALB1,1434
CALB2,1435
CALCA,1437
CALCB,1438
CALCOCO1,29306
CALCOCO2,29912
CALCR,1440
CALCRL,16709
CALD1,1441
CALM1,1442
CALM2,1445
CALM3,1449
CALML3,1452
CALML4,18445
CALML5,18180
CALML6,24193
CALN1,13248
CALR,1455
CALU,1458
CAMK1,1459
CAMK1D,19341
CAMK1G,14585
CAMK2A,1460
CAMK2B,1461
CAMK2D,1462
CAMK2G,1463
CAMK2N1,24190
CAMK4,1464
CAMKK1,1469
CAMKK2,1470
CAMKMT,26276
CAMLG,1471
CAMP,1472
CAMTA1,18806
CAND1,30688
CAND2,30689
CANT1,19721
CANX,1473
CAP1,20040
CAP1P2,31970
CAPG,1474
CAPN1,1476
CAPN2,1479
CAPN3,1480
CAPN7,1484
CAPN8,1485
CAPN9,1486
CAPNS1,1481
CAPRIN1,6743
CAPRIN2,21259
CAPZA1,1488
CAPZA2,1490
CAPZB,1491
CARD10,16422
CARD11,16393
CARD14,16446
CARD16,33701
CARD18,28861
CARD19,28148
CARD6,16394
CARD8,17057
CARD9,16391
CARF,14435
CARHSP1,17150
CARINH,33838
CARM1,23393
CARMIL1,21581
CARMN,42872
CARNS1,29268
CARS1,1493
CARS1P1,50477
CARS2,25695
CARTPT,24323
CASC11,48939
CASC15,28245
CASC18,49463
CASC19,49476
CASC2,22933
CASC3,17040
CASC9,48906
CASK,1497
CASKIN1,20879
CASP1,1499
CASP10,1500
CASP12,19004
CASP14,1502
CASP2,1503
CASP3,1504
CASP4,1505
CASP5,1506
CASP6,1507
CASP7,1508
CASP8,1509
CASP8AP2,1510
CASP9,1511
CASQ1,1512
CASR,1514
CAST,1515
CASZ1,26002
CAT,1516
CATSPER3,20819
CATSPERB,20500
CATSPERE,28491
CATSPERG,25243
CAV1,1527
CAV2,1528
CAV3,1529
CAVIN2,10690
CBFA2T2,1536
CBFA2T3,1537
CBFB,1539
CBL,1541
CBLB,1542
CBLC,15961
CBLIF,4268
CBLL1,21225
CBLL2,26371
CBR1,1548
CBR3,1549
CBR3_AS1,43664
CBR4,25891
CBS,1550
CBX1,1551
CBX2,1552
CBX3,1553
CBX4,1554
CBX5,1555
CBX7,1557
CBX8,15962
CBY1,1307
CC2D1A,30237
CC2D1B,29386
CC2D2A,29253
CCAR1,24236
CCAR2,23360
CCAT1,45128
CCBE1,29426
CCDC102B,26295
CCDC110,28504
CCDC12,28332
CCDC124,25171
CCDC13,26358
CCDC138,26531
CCDC140,26514
CCDC141,26821
CCDC142,25889
CCDC146,29296
CCDC150,26834
CCDC150P1,50280
CCDC158,26374
CCDC159,26996
CCDC162P,21565
CCDC163,27003
CCDC17,26574
CCDC170,21177
CCDC171,29828
CCDC174,28033
CCDC175,19847
CCDC177,23243
CCDC178,29588
CCDC183,28236
CCDC186,24349
CCDC187,30942
CCDC191,29272
CCDC198,20189
CCDC26,28416
CCDC33,26552
CCDC40,26090
CCDC43,26472
CCDC50,18111
CCDC51,25714
CCDC57,27564
CCDC6,18782
CCDC61,33629
CCDC62,30723
CCDC68,24350
CCDC7,26533
CCDC71,25760
CCDC73,23261
CCDC77,28203
CCDC80,30649
CCDC85C,35459
CCDC88A,25523
CCDC88B,26757
CCDC88C,19967
CCDC9,24560
CCDC90B,28108
CCDC91,24855
CCDC97,28289
CCK,1569
CCKAR,1570
CCKBR,1571
CCL1,10609
CCL11,10610
CCL13,10611
CCL14,10612
CCL15,10613
CCL16,10614
CCL17,10615
CCL18,10616
CCL19,10617
CCL2,10618
CCL20,10619
CCL21,10620
CCL22,10621
CCL23,10622
CCL24,10623
CCL25,10624
CCL26,10625
CCL27,10626
CCL28,17700
CCL3,10627
CCL3L1,10628
CCL3L3,30554
CCL4,10630
CCL4L1,10631
CCL4L2,24066
CCL5,10632
CCL7,10634
CCL8,10635
CCM2,21708
CCM2L,16153
CCN1,2654
CCN2,2500
CCN3,7885
CCN4,12769
CCN5,12770
CCNA1,1577
CCNA2,1578
CCNB1,1579
CCNB1IP1,19437
CCNB2,1580
CCNB3,18709
CCNC,1581
CCND1,1582
CCND2,1583
CCND3,1585
CCNE1,1589
CCNE2,1590
CCNF,1591
CCNG1,1592
CCNG2,1593
CCNH,1594
CCNJ,23434
CCNJL,25876
CCNK,1596
CCNL1,20569
CCNL2,20570
CCNO,18576
CCNQ,28434
CCNT1,1599
CCNT2,1600
CCNY,23354
CCP110,24342
CCPG1,24227
CCR1,1602
CCR10,4474
CCR12P,39812
CCR2,1603
CCR3,1604
CCR4,1605
CCR5,1606
CCR6,1607
CCR7,1608
CCR8,1609
CCR9,1610
CCRL2,1612
CCS,1613
CCSAP,29578
CCSER1,29349
CCSER2,29197
CCT2,1615
CCT3,1616
CCT4,1617
CCT5,1618
CCT6A,1620
CCT6B,1621
CCT7,1622
CCT8,1623
CD109,21685
CD14,1628
CD151,1630
CD160,17013
CD163,1631
CD163L1,30375
CD180,6726
CD19,1633
CD1A,1634
CD1C,1636
CD1D,1637
CD2,1639
CD200R1,24235
CD200R1L,24665
CD209,1641
CD22,1643
CD226,16961
CD24,1645
CD244,18171
CD247,1677
CD27,11922
CD274,17635
CD276,19137
CD28,1653
CD2AP,14258
CD300LB,30811
CD300LF,29883
CD33,1659
CD34,1662
CD36,1663
CD37,1666
CD38,1667
CD3D,1673
CD3E,1674
CD3G,1675
CD4,1678
CD40,11919
CD40LG,11935
CD44,1681
CD46,6953
CD47,1682
CD48,1683
CD5,1685
CD53,1686
CD55,2665
CD58,1688
CD59,1689
CD6,1691
CD63,1692
CD68,1693
CD69,1694
CD7,1695
CD70,11937
CD72,1696
CD74,1697
CD79A,1698
CD79B,1699
CD80,1700
CD81,1701
CD82,6210
CD83,1703
CD83P1,13946
CD84,1704
CD86,1705
CD8A,1706
CD8B,1707
CD9,1709
CD93,15855
CD96,16892
CD99,7082
CD99L2,18237
CD99P1,7083
CDA,1712
CDAN1,1713
CDC123,16827
CDC14A,1718
CDC14B,1719
CDC16,1720
CDC20,1723
CDC20B,24222
CDC23,1724
CDC25A,1725
CDC25B,1726
CDC25C,1727
CDC26,17839
CDC27,1728
CDC34,1734
CDC37,1735
CDC37L1,17179
CDC42,1736
CDC42BPA,1737
CDC42BPB,1738
CDC42BPG,29829
CDC42EP1,17014
CDC42EP2,16263
CDC42EP3,16943
CDC42EP4,17147
CDC42SE1,17719
CDC42SE2,18547
CDC45,1739
CDC5L,1743
CDC6,1744
CDC7,1745
CDC73,16783
CDCA2,14623
CDCA3,14624
CDCA4,14625
CDCA5,14626
CDCA7,14628
CDCA7L,30777
CDCA8,14629
CDCP1,24357
CDH1,1748
CDH10,1749
CDH11,1750
CDH12,1751
CDH13,1753
CDH15,1754
CDH16,1755
CDH17,1756
CDH18,1757
CDH19,1758
CDH2,1759
CDH20,1760
CDH22,13251
CDH23,13733
CDH24,14265
CDH3,1762
CDH4,1763
CDH5,1764
CDH6,1765
CDH7,1766
CDH8,1767
CDH9,1768
CDHR2,18231
CDHR3,26308
CDIP1,13234
CDIPT,1769
CDK1,1722
CDK10,1770
CDK11A,1730
CDK11B,1729
CDK12,24224
CDK13,1733
CDK14,8883
CDK15,14434
CDK16,8749
CDK17,8750
CDK18,8751
CDK19,19338
CDK2,1771
CDK20,21420
CDK2AP1,14002
CDK2AP2,30833
CDK3,1772
CDK4,1773
CDK5,1774
CDK5R1,1775
CDK5R2,1776
CDK5RAP2,18672
CDK5RAP3,18673
CDK6,1777
CDK7,1778
CDK8,1779
CDK9,1780
CDKAL1,21050
CDKL1,1781
CDKL3,15483
CDKL4,19287
CDKL5,11411
CDKN1A,1784
CDKN1B,1785
CDKN1C,1786
CDKN2A,1787
CDKN2AIP,24325
CDKN2AIPNLP2,39855
CDKN2B,1788
CDKN2C,1789
CDKN2D,1790
CDKN3,1791
CDNF,24913
CDO1,1795
CDON,17104
CDR1,1798
CDR2,1799
CDS1,1800
CDS2,1801
CDSN,1802
CDT1,24576
CDX1,1805
CDX2,1806
CDX4,1808
CDY1,1809
CDY1B,23920
CDY2A,1810
CDY2B,23921
CDYL,1811
CDYL2,23030
CEACAM1,1814
CEACAM16,31948
CEACAM19,31951
CEACAM3,1815
CEACAM5,1817
CEACAM6,1818
CEACAM7,1819
CEBPA,1833
CEBPB,1834
CEBPD,1835
CEBPE,1836
CEBPG,1837
CEBPZ,24218
CECR2,1840
CEL,1848
CELA1,3308
CELF1,2549
CELF2,2550
CELF4,14015
CELF5,14058
CELF6,14059
CELP,1849
CELSR1,1850
CELSR2,3231
CELSR3,3230
CEMIP2,11869
CEMP1,32553
CENPA,1851
CENPB,1852
CENPBD2P,28421
CENPC,1854
CENPE,1856
CENPF,1857
CENPH,17268
CENPI,3968
CENPK,29479
CENPL,17879
CENPM,18352
CENPN,30873
CENPO,28152
CENPP,32933
CENPQ,21347
CENPS,23163
CENPT,25787
CENPU,21348
CENPW,21488
CENPX,11422
CEP112,28514
CEP128,20359
CEP131,29511
CEP135,29086
CEP152,29298
CEP162,21107
CEP164,29182
CEP170B,20362
CEP192,25515
CEP250,1859
CEP290,29021
CEP295,29366
CEP350,24238
CEP41,12370
CEP43,17012
CEP55,1161
CEP63,25815
CEP68,29076
CEP72,25547
CEP76,25727
CEP83,17966
CEP85,25309
CEP85L,21638
CEP95,25141
CEP97,26244
CEPT1,24289
CER1,1862
CERCAM,23723
CERK,19256
CERS1,14253
CERS2,14076
CERS3,23752
CERS4,23747
CERS5,23749
CERS6,23826
CERT1,2205
CES1,1863
CES1P1,18546
CES2,1864
CES3,1865
CES4A,26741
CES5A,26459
CETN1,1866
CETN2,1867
CETN3,1868
CETN4P,35450
CETP,1869
CFAP107,28567
CFAP144P2,51331
CFAP157,27843
CFAP161,26782
CFAP20,29523
CFAP20DC,24763
CFAP251,28506
CFAP263,25002
CFAP418,27232
CFAP43,26684
CFAP45,17229
CFAP46,25247
CFAP53,26530
CFAP53P1,43919
CFAP54,26456
CFAP61,15872
CFAP65,25325
CFAP68,1163
CFAP69,26107
CFAP74,29368
CFB,1037
CFD,2771
CFDP1,1873
CFH,4883
CFHR1,4888
CFI,5394
CFL1,1874
CFL2,1875
CFLAR,1876
CFP,8864
CFTR,1884
CGA,1885
CGAS,21367
CGB3,1886
CGB7,16451
CGGBP1,1888
CGN,17429
CGNL1,25931
CGRRF1,15528
CH25H,1907
CHAC1,28680
CHAD,1909
CHAF1A,1910
CHAF1B,1911
CHAMP1,20311
CHASERR,48626
CHAT,1912
CHCHD1,23518
CHCHD2,21645
CHCHD3,21906
CHCHD4,26467
CHCHD4P2,44490
CHCHD4P5,44493
CHCHD6,28184
CHCT1,26990
CHD1,1915
CHD1L,1916
CHD1_DT,52907
CHD2,1917
CHD3,1918
CHD4,1919
CHD5,16816
CHD6,19057
CHD7,20626
CHD8,20153
CHD9,25701
CHDH,24288
CHEK1,1925
CHEK2,16627
CHERP,16930
CHFR,20455
CHGA,1929
CHGB,1930
CHI3L1,1932
CHI3L2,1933
CHIA,17432
CHIC2,1935
CHID1,28474
CHIT1,1936
CHKA,1937
CHKB,1938
CHL1,1939
CHLSN,22421
CHM,1940
CHMP1A,8740
CHMP1B,24287
CHMP2A,30216
CHMP2B,24537
CHMP3,29865
CHMP4A,20274
CHMP4B,16171
CHMP4C,30599
CHMP5,26942
CHMP6,25675
CHMP7,28439
CHN1,1943
CHN2,1944
CHODL,17807
CHORDC1,14525
CHP1,17433
CHP2,24927
CHPF,24291
CHPF2,29270
CHPT1,17852
CHRD,1949
CHRFAM7A,15781
CHRM1,1950
CHRM2,1951
CHRM3,1952
CHRM4,1953
CHRM5,1954
CHRNA1,1955
CHRNA4,1958
CHRNA6,15963
CHRNA7,1960
CHRNB1,1961
CHRNB3,1963
CHRNB4,1964
CHRNE,1966
CHST1,1969
CHST10,19650
CHST11,17422
CHST12,17423
CHST13,21755
CHST14,24464
CHST15,18137
CHST2,1970
CHST3,1971
CHST4,1972
CHST5,1973
CHST6,6938
CHST7,13817
CHST8,15993
CHST9,19898
CHSY1,17198
CHSY3,24293
CHUK,1974
CIAO1,14280
CIAO3,14179
CIAPIN1,28050
CIB1,16920
CIB2,24579
CIB4,33703
CIC,14214
CIDEA,1976
CIDEB,1977
CIITA,7067
CILK1,21219
CILP,1980
CILP2,24213
CINP,23789
CIP2A,29302
CIR1,24217
CIRBP,1982
CISD2,24212
CISH,1984
CISTR,49426
CIT,1985
CITED1,1986
CITED2,1987
CITED4,18696
CIZ1,16744
CKAP2,1990
CKAP2L,26877
CKAP4,16991
CKAP5,28959
CKB,1991
CKM,1994
CKMT1A,31736
CKMT1B,1995
CKMT2,1996
CKS1B,19083
CKS2,2000
CLASP1,17088
CLASP2,17078
CLASRP,17731
CLC,2014
CLCA1,2015
CLCA2,2016
CLCC1,29675
CLCF1,17412
CLCN1,2019
CLCN3,2021
CLCN4,2022
CLCN5,2023
CLCN6,2024
CLCN7,2025
CLDN1,2032
CLDN10,2033
CLDN11,8514
CLDN12,2034
CLDN14,2035
CLDN17,2038
CLDN18,2039
CLDN2,2041
CLDN23,17591
CLDN24,37200
CLDN3,2045
CLDN4,2046
CLDN5,2047
CLDN6,2048
CLDN7,2049
CLEC16A,29013
CLEC19A,34522
CLEC1A,24355
CLEC1B,24356
CLEC2B,2053
CLEC3A,2052
CLEC4G,24591
CLEC5A,2054
CLEC6A,14556
CLEC7A,14558
CLHC1,26453
CLIC1,2062
CLIC2,2063
CLIC3,2064
CLIC4,13518
CLIC5,13517
CLIC6,2065
CLINT1,23186
CLIP1,10461
CLIP2,2586
CLIP4,26108
CLK1,2068
CLK2,2069
CLK3,2071
CLK4,13659
CLLU1,29841
CLLU1_AS1,24070
CLMN,19972
CLMP,24039
CLN3,2074
CLN6,2077
CLN8,2079
CLNK,17438
CLNS1A,2080
CLOCK,2082
CLP1,16999
CLPB,30664
CLPS,2085
CLPX,2088
CLSPN,19715
CLSTN1,17447
CLSTN2,17448
CLTA,2090
CLTB,2091
CLTC,2092
CLTCL1,2093
CLTRN,29437
CLU,2095
CLUH,29094
CLUL1,2096
CLVS1,23139
CLXN,25678
CLYBL,18355
CMA1,2097
CMAS,18290
CMBL,25090
CMC1,28783
CMIP,24319
CMKLR1,2121
CMKLR2,4463
CMPK1,18170
CMPK2,27015
CMSS1,28666
CMTM2,19173
CMTM3,19174
CMTM4,19175
CMTM6,19177
CMTM7,19178
CMTM8,19179
CMTR1,21077
CNBD1,26663
CNBP,13164
CNDP1,20675
CNDP2,24437
CNGA1,2148
CNGA2,2149
CNGA3,2150
CNGB1,2151
CNGB3,2153
CNIH1,19431
CNIH2,28744
CNIH3,26802
CNIH4,25013
CNKSR1,19700
CNKSR2,19701
CNKSR3,23034
CNMD,17005
CNN1,2155
CNN3,2157
CNNM2,103
CNNM4,105
CNOT1,7877
CNOT10,23817
CNOT11,25217
CNOT2,7878
CNOT3,7879
CNOT4,7880
CNOT6,14099
CNOT6L,18042
CNOT7,14101
CNOT8,9207
CNOT9,10445
CNP,2158
CNPPD1,25220
CNPY2,13529
CNPY3,11968
CNR1,2159
CNR2,2160
CNST,26486
CNTF,2169
CNTFR,2170
CNTN1,2171
CNTN3,2173
CNTN4,2174
CNTN5,2175
CNTN6,2176
CNTNAP1,8011
CNTNAP2,13830
CNTNAP5,18748
CNTRL,1858
CNTROB,29616
COA1,21868
COA3,24990
COA7,25716
COASY,29932
COBL,22199
COBLL1,23571
COG1,6545
COIL,2184
COL10A1,2185
COL11A1,2186
COL11A2,2187
COL12A1,2188
COL13A1,2190
COL14A1,2191
COL15A1,2192
COL16A1,2193
COL17A1,2194
COL18A1,2195
COL19A1,2196
COL1A1,2197
COL1A2,2198
COL20A1,14670
COL21A1,17025
COL22A1,22989
COL23A1,22990
COL24A1,20821
COL25A1,18603
COL26A1,18038
COL27A1,22986
COL28A1,22442
COL2A1,2200
COL3A1,2201
COL4A1,2202
COL4A2,2203
COL4A3,2204
COL4A4,2206
COL4A5,2207
COL4A6,2208
COL5A1,2209
COL5A2,2210
COL5A3,14864
COL6A1,2211
COL6A2,2212
COL6A3,2213
COL6A5,26674
COL6A6,27023
COL7A1,2214
COL8A1,2215
COL8A2,2216
COL9A1,2217
COL9A2,2218
COL9A3,2219
COLCA1,33789
COLEC11,17213
COLEC12,16016
COLGALT1,26182
COLGALT2,16790
COLQ,2226
COMMD1,23024
COMMD2,24993
COMMD5,17902
COMP,2227
COMT,2228
COMTD1,26309
COP1,17440
COPA,2230
COPB1,2231
COPB2,2232
COPE,2234
COPG1,2236
COPG2,2237
COPS2,30747
COPS3,2239
COPS4,16702
COPS5,2240
COPS6,21749
COPS7A,16758
COPS7B,16760
COPS8,24335
COPS9,21314
COPZ1,2243
COPZ2,19356
COQ10B,25819
COQ2,25223
COQ3,18175
COQ4,19693
COQ5,28722
COQ6,20233
COQ7,2244
COQ8A,16812
COQ8B,19041
COQ9,25302
CORIN,19012
CORO1A,2252
CORO1B,2253
CORO1C,2254
CORO2A,2255
CORO2B,2256
CORO7,26161
CORT,2257
COTL1,18304
COX10,2260
COX14,28216
COX15,2263
COX20,26970
COX4I1,2265
COX4I2,16232
COX5A,2267
COX5B,2269
COX6A1,2277
COX6A1P2,35239
COX6A2,2279
COX6B1,2280
COX6B2,24380
COX6C,2285
COX6CP13,49365
COX6CP16,49367
COX6CP5,42791
COX7A1,2287
COX7A2,2288
COX7A2L,2289
COX7B,2291
COX7B2,24381
COX7C,2292
COX8A,2294
CP,2295
CPA1,2296
CPA2,2297
CPA3,2298
CPA5,15722
CPA6,17245
CPAMD8,23228
CPAP,17272
CPB2,2300
CPE,2303
CPEB1,21744
CPEB2,21745
CPEB3,21746
CPEB4,21747
CPED1,26159
CPLANE1,25801
CPLX1,2309
CPLX2,2310
CPM,2311
CPN1,2312
CPNE1,2314
CPNE2,2315
CPNE3,2316
CPNE4,2317
CPNE5,2318
CPNE7,2320
CPNE8,23498
CPOX,2321
CPPED1,25632
CPQ,16910
CPS1,2323
CPSF1,2324
CPSF2,2325
CPSF3,2326
CPSF4,2327
CPSF6,13871
CPSF7,30098
CPT1A,2328
CPT1B,2329
CPT1C,18540
CPT2,2330
CPVL,14399
CR1,2334
CR2,2336
CRABP1,2338
CRABP2,2339
CRACD,29219
CRACDL,33454
CRADD,2340
CRAMP1,14122
CRAT,2342
CRB1,2343
CRB2,18688
CRB3,20237
CRBN,30185
CRCP,17888
CREB1,2345
CREB3,2347
CREB3L1,18856
CREB3L2,23720
CREB3L3,18855
CREB3L4,18854
CREB5,16844
CREBBP,2348
CREBRF,24050
CREBZF,24905
CREG1,2351
CRELD1,14630
CREM,2352
CRH,2355
CRHBP,2356
CRHR1,2357
CRHR2,2358
CRIM1,2359
CRIP1,2360
CRIP1P3,44518
CRIP2,2361
CRIPT,14312
CRIPTO,11701
CRIPTO3,11703
CRISP1,304
CRISP2,12024
CRISP3,16904
CRISPLD1,18206
CRISPLD2,25248
CRK,2362
CRKL,2363
CRLF1,2364
CRLF2,14281
CRLS1,16148
CRMP1,2365
CRNDE,37078
CROCC,21299
CROCCP2,28170
CROT,2366
CRP,2367
CRPP1,2368
CRPPA,37276
CRTAC1,14882
CRTAM,24313
CRTC1,16062
CRTC2,27301
CRTC3,26148
CRX,2383
CRY1,2384
CRY2,2385
CRYAA,2388
CRYAB,2389
CRYBB1,2397
CRYBB2,2398
CRYBB2P1,2399
CRYBB3,2400
CRYBG1,356
CRYBG2,17295
CRYGC,2410
CRYGD,2411
CRYGS,2417
CRYL1,18246
CRYM,2418
CRYZ,2419
CRYZL1,2420
CS,2422
CSAD,18966
CSAG2,16847
CSDC2,30359
CSDE1,29905
CSE1L,2431
CSF1,2432
CSF1R,2433
CSF2,2434
CSF2RA,2435
CSF2RB,2436
CSF3,2438
CSF3R,2439
CSGALNACT1,24290
CSGALNACT2,24292
CSH1,2440
CSH2,2441
CSHL1,2442
CSK,2444
CSKMT,33113
CSMD1,14026
CSMD2,19290
CSMD3,19291
CSN1S1,2445
CSN2,2447
CSNK1A1,2451
CSNK1A1L,20289
CSNK1D,2452
CSNK1E,2453
CSNK1G1,2454
CSNK1G2,2455
CSNK1G3,2456
CSNK2A1,2457
CSNK2A2,2459
CSNK2A3,2458
CSNK2B,2460
CSPG4,2466
CSPG5,2467
CSPP1,26193
CSRNP3,30729
CSRP1,2469
CSRP2,2470
CSRP3,2472
CST3,2475
CST4,2476
CST5,2477
CST6,2478
CSTA,2481
CSTB,2482
CSTF1,2483
CSTF2,2484
CSTF2T,17086
CSTF3,2485
CSTPP1,28720
CT45A5,33270
CTAG1B,2491
CTBP1,2494
CTBP1_AS,48337
CTBP2,2495
CTBS,2496
CTCF,13723
CTCFL,16234
CTDNEP1,19085
CTDP1,2498
CTDSP1,21614
CTDSP2,17077
CTDSPL,16890
CTDSPL2,26936
CTF1,2499
CTH,2501
CTHRC1,18831
CTIF,23925
CTLA4,2505
CTNNA1,2509
CTNNA2,2510
CTNNA3,2511
CTNNAL1,2512
CTNNB1,2514
CTNNBIP1,16913
CTNNBL1,15879
CTNND1,2515
CTNND2,2516
CTNS,2518
CTPS1,2519
CTPS2,2520
CTR9,16850
CTRC,2523
CTRL,2524
CTSA,9251
CTSB,2527
CTSC,2528
CTSD,2529
CTSE,2530
CTSF,2531
CTSG,2532
CTSH,2535
CTSK,2536
CTSL,2537
CTSO,2542
CTSS,2545
CTSV,2538
CTSW,2546
CTSZ,2547
CTTN,3338
CTTNBP2,15679
CTTNBP2NL,25330
CTXND1,50507
CUBN,2548
CUEDC1,31350
CUEDC2,28352
CUL1,2551
CUL2,2552
CUL3,2553
CUL4A,2554
CUL4B,2555
CUL5,2556
CUL7,21024
CUL9,15982
CUTC,24271
CUX1,2557
CUX2,19347
CUZD1,17937
CWC15,26939
CWC27,10664
CX3CL1,10647
CX3CR1,2558
CXADR,2559
CXCL1,4602
CXCL10,10637
CXCL11,10638
CXCL12,10672
CXCL13,10639
CXCL14,10640
CXCL16,16642
CXCL2,4603
CXCL3,4604
CXCL5,10642
CXCL6,10643
CXCL8,6025
CXCL9,7098
CXCR1,6026
CXCR2,6027
CXCR3,4540
CXCR4,2561
CXCR5,1060
CXCR6,16647
CXXC1,24343
CXXC4,24593
CXXC5,26943
CYB561,2571
CYB5A,2570
CYB5B,24374
CYB5D1,26516
CYB5D2,28471
CYB5R1,13397
CYB5R2,24376
CYB5R3,2873
CYB5R4,20147
CYB5RL,32220
CYBA,2577
CYBB,2578
CYBRD1,20797
CYC1,2579
CYCS,19986
CYCSP38,24411
CYCSP45,24419
CYCSP5,24416
CYFIP1,13759
CYFIP2,13760
CYGB,16505
CYLD,2584
CYP11A1,2590
CYP11B1,2591
CYP11B2,2592
CYP17A1,2593
CYP19A1,2594
CYP1A1,2595
CYP1A2,2596
CYP1B1,2597
CYP21A2,2600
CYP24A1,2602
CYP26A1,2603
CYP26B1,20581
CYP27A1,2605
CYP27B1,2606
CYP2A13,2608
CYP2A6,2610
CYP2A7,2611
CYP2AB1P,39975
CYP2B6,2615
CYP2C18,2620
CYP2C19,2621
CYP2C8,2622
CYP2C9,2623
CYP2D6,2625
CYP2E1,2631
CYP2F1,2632
CYP2J2,2634
CYP2R1,20580
CYP2S1,15654
CYP2U1,20582
CYP2W1,20243
CYP39A1,17449
CYP3A4,2637
CYP3A43,17450
CYP3A5,2638
CYP3A7,2640
CYP46A1,2641
CYP4A11,2642
CYP4A22,20575
CYP4B1,2644
CYP4F11,13265
CYP4F12,18857
CYP4F2,2645
CYP4F22,26820
CYP4F3,2646
CYP4F8,2648
CYP4V2,23198
CYP4X1,20244
CYP4Z1,20583
CYP51A1,2649
CYP51A1P1,20245
CYP7A1,2651
CYP7B1,2652
CYP8B1,2653
CYREN,22432
CYRIA,25373
CYRIB,25216
CYSLTR1,17451
CYSLTR2,18274
CYTH1,9501
CYTH2,9502
CYTH3,9504
CYTH4,9505
CYTIP,9506
CYTL1,24435
CYTOR,28717
DAAM1,18142
DAB1,2661
DAB2,2662
DAB2IP,17294
DACH1,2663
DACH2,16814
DACT1,17748
DACT2,21231
DACT3,30745
DAD1,2664
DAG1,2666
DAGLA,1165
DAGLB,28923
DALRD3,25536
DANCR,28964
DAND5,26780
DAO,2671
DAOA,21191
DAP,2672
DAP3,2673
DAPK1,2674
DAPK2,2675
DAPK3,2676
DAPP1,16500
DARS1,2678
DARS2,25538
DAXX,2681
DAZ1,2682
DAZAP1,2683
DAZAP2,2684
DBF4,17364
DBF4B,17883
DBH,2689
DBI,2690
DBN1,2695
DBNDD1,28455
DBNDD2,15881
DBNL,2696
DBP,2697
DBT,2698
DBX1,33185
DCAF1,30911
DCAF11,20258
DCAF12,19911
DCAF13P1,43866
DCAF15,25095
DCAF4,20229
DCAF6,30002
DCAF7,30915
DCAF8,24891
DCAKD,26238
DCBLD1,21479
DCBLD2,24627
DCC,2701
DCDC1,20625
DCHS2,23111
DCK,2704
DCLK1,2700
DCLK2,19002
DCLRE1A,17660
DCLRE1B,17641
DCLRE1C,17642
DCN,2705
DCP1A,18714
DCP1B,24451
DCST1,26539
DCST1_AS1,41147
DCSTAMP,18549
DCT,2709
DCTD,2710
DCTN1,2711
DCTN2,2712
DCTN3,2713
DCTN4,15518
DCTN5,24594
DCTN6,16964
DCTPP1,28777
DCUN1D1,18184
DCUN1D3,28734
DCUN1D4,28998
DCX,2714
DCXR,18985
DDAH1,2715
DDAH2,2716
DDB1,2717
DDB2,2718
DDC,2719
DDHD1,19714
DDHD2,29106
DDI2,24578
DDIAS,26351
DDIT3,2726
DDIT4,24944
DDO,2727
DDOST,2728
DDR1,2730
DDR2,2731
DDT,2732
DDX1,2734
DDX10,2735
DDX11,2736
DDX17,2740
DDX18,2741
DDX19B,2742
DDX20,2743
DDX21,2744
DDX23,17347
DDX24,13266
DDX25,18698
DDX31,16715
DDX39A,17821
DDX39B,13917
DDX3X,2745
DDX4,18700
DDX41,18674
DDX42,18676
DDX46,18681
DDX49,18684
DDX5,2746
DDX50,17906
DDX53,20083
DDX54,20084
DDX55,20085
DDX59,25360
DDX6,2747
DDX60L,26429
DEAF1,14677
DECR1,2753
DECR2,2754
DEDD,2755
DEDD2,24450
DEF6,2760
DEF8,25969
DEFA1,2761
DEFA3,2762
DEFB1,2766
DEFB123,18103
DEFB4A,2767
DEGS1,13709
DEGS2,20113
DEK,2768
DELE1,28969
DELEC1,23658
DENND10,31793
DENND1A,29324
DENND1B,28404
DENND2A,22212
DENND2B,11350
DENND2C,24748
DENND2D,26192
DENND3,29134
DENND4A,24321
DENND4B,29044
DENND5A,19344
DENR,2769
DEPDC1,22949
DEPDC1B,24902
DEPDC5,18423
DEPP1,23355
DEPTOR,22953
DERA,24269
DERL1,28454
DERL2,17943
DES,2770
DESI2,24264
DET1,25477
DEUP1,26344
DEXI,13267
DFFA,2772
DFFB,2773
DGAT1,2843
DGAT2,16940
DGAT2L6,23250
DGCR8,2847
DGKA,2849
DGKB,2850
DGKD,2851
DGKE,2852
DGKG,2853
DGKH,2854
DGKI,2855
DGKK,32395
DGKQ,2856
DGKZ,2857
DGLUCY,20498
DGUOK,2858
DHCR24,2859
DHCR7,2860
DHDDS,20603
DHDH,17887
DHFR,2861
DHFR2,27309
DHH,2865
DHODH,2867
DHPS,2869
DHRS2,18349
DHRS3,17693
DHRS4,16985
DHRS4L2,19731
DHRS9,16888
DHRSX,18399
DHTKD1,23537
DHX15,2738
DHX16,2739
DHX30,16716
DHX32,16717
DHX33,16718
DHX36,14410
DHX40,18018
DHX58,29517
DHX8,2749
DHX9,2750
DIABLO,21528
DIAPH1,2876
DIAPH2,2877
DIAPH3,15480
DICER1,17098
DIDO1,2680
DIMT1,30217
DIMT1P1,52892
DIO1,2883
DIO2,2884
DIO3,2885
DIO3OS,20348
DIP2A,17217
DIP2B,29284
DIP2C,29150
DIPK1A,32213
DIPK1B,28290
DIPK2A,28490
DIRAS2,19323
DIRAS3,687
DIRC3,17805
DIS3L,28698
DIS3L2,28648
DISC1,2888
DISC1FP1,33625
DISP1,19711
DISP2,19712
DISP3,29251
DIXDC1,23695
DKC1,2890
DKK1,2891
DKK2,2892
DKK3,2893
DKK4,2894
DKKL1,16528
DLAT,2896
DLC1,2897
DLD,2898
DLEU1,13747
DLEU2,13748
DLEU2L,13225
DLG1,2900
DLG2,2901
DLG3,2902
DLG4,2903
DLG5,2904
DLGAP1,2905
DLGAP2,2906
DLGAP3,30368
DLGAP4,24476
DLGAP5,16864
DLK1,2907
DLK2,21113
DLL1,2908
DLL3,2909
DLL4,2910
DLST,2911
DLX1,2914
DLX2,2915
DLX3,2916
DLX4,2917
DLX5,2918
DLX6,2919
DMAC1,30536
DMAC2L,18799
DMAP1,18291
DMBT1,2926
DMBX1,19026
DMC1,2927
DMD,2928
DMGDH,24475
DMKN,25063
DMP1,2932
DMPK,2933
DMRT1,2934
DMRT3,13909
DMRTA2,13908
DMTF1,14603
DMXL2,2938
DNA2,2939
DNAAF1,30539
DNAAF10,25176
DNAAF11,16725
DNAAF2,20188
DNAAF3,30492
DNAAF4,21493
DNAAF5,26013
DNAH1,2940
DNAH10,2941
DNAH11,2942
DNAH12,2943
DNAH14,2945
DNAH17,2946
DNAH2,2948
DNAH3,2949
DNAH5,2950
DNAH6,2951
DNAH7,18661
DNAH8,2952
DNAH9,2953
DNAI1,2954
DNAI2,18744
DNAI3,30711
DNAI4,26252
DNAI7,29599
DNAJA1,5229
DNAJA1P6,39342
DNAJA2,14884
DNAJA3,11808
DNAJA4,14885
DNAJB1,5270
DNAJB11,14889
DNAJB12,14891
DNAJB1P1,24988
DNAJB2,5228
DNAJB4,14886
DNAJB5,14887
DNAJB6,14888
DNAJB9,6968
DNAJC1,20090
DNAJC11,25570
DNAJC13,30343
DNAJC15,20325
DNAJC16,29157
DNAJC17,25556
DNAJC18,28429
DNAJC19,30528
DNAJC19P5,45068
DNAJC19P6,45069
DNAJC2,13192
DNAJC27,30290
DNAJC3,9439
DNAJC5,16235
DNAJC5B,24138
DNAJC6,15469
DNAJC7,12392
DNAJC8,15470
DNAL1,23247
DNAL4,2955
DNALI1,14353
DNASE1L3,2959
DNASE2,2960
DND1,23799
DNER,24456
DNHD1,26532
DNM1,2972
DNM1L,2973
DNM2,2974
DNM3,29125
DNM3OS,41228
DNMBP,30373
DNMT1,2976
DNMT3A,2978
DNMT3B,2979
DNMT3L,2980
DNPEP,2981
DNPH1,21218
DNTT,2983
DNTTIP1,16160
DOC2A,2985
DOCK1,2987
DOCK10,23479
DOCK11,23483
DOCK2,2988
DOCK3,2989
DOCK4,19192
DOCK5,23476
DOCK6,19189
DOCK7,19190
DOCK8,19191
DOCK9,14132
DOHH,28662
DOK1,2990
DOK2,2991
DOK3,24583
DOK4,19868
DOK5,16173
DOK6,28301
DOK7,26594
DOLK,23406
DOLPP1,29565
DONSON,2993
DOT1L,24948
DPAGT1,2995
DPCD,24542
DPEP1,3002
DPEP2,23028
DPEP3,23029
DPF1,20225
DPF2,9964
DPF3,17427
DPH5,24270
DPH6,30543
DPM1,3005
DPM2,3006
DPM3,3007
DPP10,20823
DPP3,3008
DPP4,3009
DPP6,3010
DPP7,14892
DPP9,18648
DPPA4,19200
DPRXP2,32168
DPY19L1,22205
DPY19L3,27120
DPY30,24590
DPYD,3012
DPYS,3013
DPYSL2,3014
DPYSL3,3015
DPYSL5,20637
DR1,3017
DRAIC,27082
DRAM1,25645
DRAM2,28769
DRAP1,3019
DRC1,24245
DRC3,25384
DRC7,25289
DRD1,3020
DRD2,3023
DRD3,3024
DRD4,3025
DRD5,3026
DRG2,3030
DRGX,21536
DROSHA,17904
DRP2,3032
DSC2,3036
DSCAM,3039
DSCAML1,14656
DSCR8,16707
DSE,21144
DSG1,3048
DSG2,3049
DSN1,16165
DSP,3052
DSPP,3054
DST,1090
DSTN,15750
DSTYK,29043
DTD1,16219
DTHD1,37261
DTL,30288
DTNA,3057
DTNB,3058
DTNBP1,17328
DTX1,3060
DTX2,15973
DTX3,24457
DTX3L,30323
DTX4,29151
DTYMK,3061
DUOX1,3062
DUOX2,13273
DUS1L,30086
DUS2,26014
DUS3L,26920
DUSP1,3064
DUSP10,3065
DUSP11,3066
DUSP12,3067
DUSP14,17007
DUSP16,17909
DUSP18,18484
DUSP19,18894
DUSP2,3068
DUSP22,16077
DUSP23,21480
DUSP26,28161
DUSP28,33237
DUSP3,3069
DUSP4,3070
DUSP5,3071
DUSP6,3072
DUSP7,3073
DUSP8,3074
DUSP9,3076
DUT,3078
DUX4,50800
DUX4L52,51811
DUXAP8,32187
DVL1,3084
DVL1P1,3085
DVL2,3086
DVL3,3087
DYDC1,23460
DYM,21317
DYNC1H1,2961
DYNC1I1,2963
DYNC1I2,2964
DYNC1LI1,18745
DYNC1LI2,2966
DYNC2H1,2962
DYNC2I1,21862
DYNC2I2,28296
DYNLL1,15476
DYNLL2,24596
DYNLRB1,15468
DYNLRB2,15467
DYNLT1,11697
DYRK1A,3091
DYRK1B,3092
DYRK2,3093
DYRK3,3094
DYRK4,3095
DYSF,3097
DZIP1,20908
DZIP1L,26551
DZIP3,30938
E2F1,3113
E2F2,3114
E2F3,3115
E2F4,3118
E2F5,3119
E2F6,3120
E2F7,23820
E2F8,24727
E4F1,3121
EAF1,20907
EAF2,23115
EAPP,19312
EARS2,29419
EBAG9,3123
EBF1,3126
EBF2,19090
EBF3,19087
EBF4,29278
EBI3,3129
EBNA1BP2,15531
EBP,3133
ECE1,3146
ECH1,3149
ECHDC2,23408
ECHS1,3151
ECI1,2703
ECI2,14601
ECM1,3153
ECPAS,29020
ECSIT,29548
ECT2,3155
ECT2L,21118
EDA,3157
EDA2R,17756
EDAR,2895
EDARADD,14341
EDC3,26114
EDEM1,18967
EDEM2,15877
EDF1,3164
EDIL3,3173
EDN1,3176
EDN2,3177
EDN3,3178
EDNRA,3179
EDNRB,3180
EDRF1,24640
EEA1,3185
EED,3188
EEF1A1,3189
EEF1A1P11,3206
EEF1A1P20,37893
EEF1A1P34,37912
EEF1A1P5,3200
EEF1A2,3192
EEF1AKMT3,24936
EEF1B2,3208
EEF1B2P2,3209
EEF1D,3211
EEF1E1,3212
EEF1G,3213
EEF2,3214
EEF2K,24615
EEF2KMT,32221
EEIG1,31419
EEIG2,27637
EEPD1,22223
EFCAB10,34531
EFCAB2,28166
EFCAB3,26379
EFCAB6,24204
EFCAB7,29379
EFEMP1,3218
EFEMP2,3219
EFHB,26330
EFHC1,16406
EFHD1,29556
EFL1,25789
EFNA1,3221
EFNA2,3222
EFNA3,3223
EFNA4,3224
EFNA5,3225
EFNB1,3226
EFNB2,3227
EFNB3,3228
EFR3A,28970
EFR3B,29155
EFTUD2,30858
EGF,3229
EGFEM1P,25149
EGFL7,20594
EGFL8,13944
EGFLAM,26810
EGFR,3236
EGLN1,1232
EGLN2,14660
EGLN3,14661
EGR1,3238
EGR2,3239
EGR3,3240
EHBP1,29144
EHBP1L1,30682
EHD1,3242
EHD2,3243
EHD4,3245
EHF,3246
EHHADH,3247
EHMT1,24650
EHMT2,14129
EI24,13276
EI24P3,44588
EID1,1191
EID2,28292
EID3,32961
EIF1,3249
EIF1AX,3250
EIF1AY,3252
EIF1B,30792
EIF1P3,49616
EIF2A,3254
EIF2AK1,24921
EIF2AK2,9437
EIF2AK3,3255
EIF2AK4,19687
EIF2B1,3257
EIF2B2,3258
EIF2B3,3259
EIF2B4,3260
EIF2B5,3261
EIF2S1,3265
EIF2S2,3266
EIF2S2P1,20009
EIF2S3,3267
EIF3A,3271
EIF3B,3280
EIF3C,3279
EIF3D,3278
EIF3E,3277
EIF3F,3275
EIF3G,3274
EIF3H,3273
EIF3I,3272
EIF3J,3270
EIF3K,24656
EIF3L,18138
EIF3M,24460
EIF4A1,3282
EIF4A1P7,37926
EIF4A2,3284
EIF4A3,18683
EIF4B,3285
EIF4E,3287
EIF4E1B,33179
EIF4E2,3293
EIF4E3,31837
EIF4EBP1,3288
EIF4EBP2,3289
EIF4EBP3,3290
EIF4ENIF1,16687
EIF4G1,3296
EIF4G2,3297
EIF4G3,3298
EIF4H,12741
EIF5,3299
EIF5A,3300
EIF5A2,3301
EIF5B,30793
EIF6,6159
EIPR1,12383
ELAC2,14198
ELANE,3309
ELAPOR1,29618
ELAPOR2,21945
ELAVL1,3312
ELAVL2,3313
ELAVL3,3314
ELAVL4,3315
ELF1,3316
ELF2,3317
ELF2P3,24611
ELF3,3318
ELF4,3319
ELF5,3320
ELFN1,33154
ELFN2,29396
ELK1,3321
ELK3,3325
ELK4,3326
ELL,23114
ELL2,17064
ELL3,23113
ELMO1,16286
ELMO2,17233
ELMOD1,25334
ELN,3327
ELOA,11620
ELOB,11619
ELOC,11617
ELOCP28,49169
ELOVL1,14418
ELOVL2,14416
ELOVL3,18047
ELOVL4,14415
ELOVL5,21308
ELOVL6,15829
ELOVL7,26292
ELP1,5959
ELP2,18248
ELP3,20696
ELP4,1171
ELP5,30617
ELP6,25976
EMB,30465
EMC1,28957
EMC3,23999
EMC4,28032
EMC9,20273
EMCN,16041
EMD,3331
EME1,24965
EMILIN1,19880
EMILIN2,19881
EML1,3330
EML2,18035
EML4,1316
EML5,18197
EML6,35412
EMP1,3333
EMP2,3334
EMP3,3335
EMSY,18071
EMX1,3340
EMX2,3341
EMX2OS,18511
EN1,3342
EN2,3343
ENAH,18271
ENC1,3345
ENDOG,3346
ENDOV,26640
ENG,3349
ENGASE,24622
ENKUR,28388
ENO1,3350
ENO2,3353
ENO3,3354
ENO4,31670
ENOPH1,24599
ENOSF1,30365
ENOX2,2259
ENPEP,3355
ENPP1,3356
ENPP2,3357
ENPP3,3358
ENPP6,23409
ENPP7,23764
ENSA,3360
ENTPD1,3363
ENTPD2,3364
ENTPD3,3365
ENTPD4,14573
ENTPD5,3367
ENTPD6,3368
ENTPD7,19745
ENTPD8,24860
ENTREP3,1233
ENY2,24449
EOMES,3372
EP300,3373
EP400,11958
EP400P1,26602
EPAS1,3374
EPB41,3377
EPB41L1,3378
EPB41L2,3379
EPB41L3,3380
EPB41L4A,13278
EPB41L4B,19818
EPB41L5,19819
EPB42,3381
EPC1,19876
EPC2,24543
EPCAM,11529
EPCIP,1305
EPDR1,17572
EPG5,29331
EPGN,17470
EPHA1,3385
EPHA10,19987
EPHA2,3386
EPHA3,3387
EPHA4,3388
EPHA5,3389
EPHA6,19296
EPHA7,3390
EPHA8,3391
EPHB1,3392
EPHB2,3393
EPHB3,3394
EPHB4,3395
EPHB6,3396
EPHX1,3401
EPHX2,3402
EPM2A,3413
EPM2AIP1,19735
EPN1,21604
EPN2,18639
EPN3,18235
EPO,3415
EPOP,34493
EPOR,3416
EPPK1,15577
EPRS1,3418
EPS15,3419
EPS15L1,24634
EPS8,3420
EPS8L2,21296
EPSTI1,16465
EPX,3423
ERAL1,3424
ERAP1,18173
ERAP2,29499
ERBB2,3430
ERBB3,3431
ERBB4,3432
ERBIN,15842
ERC1,17072
ERC2,31922
ERCC1,3433
ERCC2,3434
ERCC3,3435
ERCC4,3436
ERCC5,3437
ERCC6,3438
ERCC6L,20794
ERCC6L2_AS1,27858
ERCC8,3439
EREG,3443
ERF,3444
ERG,3446
ERGIC1,29205
ERGIC3,15927
ERI1,23994
ERI2,30541
ERI3,17276
ERICH1,27234
ERLIN1,16947
ERLIN2,1356
ERMN,29208
ERN1,3449
ERN2,16942
ERO1A,13280
ERO1B,14355
ERP29,13799
ERP44,18311
ERRFI1,18185
ERVE_5,58089
ERVK_6,13915
ERVW_1,13525
ESAM,17474
ESAT,3463
ESCO1,24645
ESCO2,27230
ESD,3465
ESF1,15898
ESM1,3466
ESPL1,16856
ESPN,13281
ESR1,3467
ESR2,3468
ESRP1,25966
ESRP2,26152
ESRRA,3471
ESRRB,3473
ESRRG,3474
ESYT1,29534
ESYT2,22211
ETF1,3477
ETFA,3481
ETFB,3482
ETFBKMT,28739
ETFDH,3483
ETNK1,24649
ETNK2,25575
ETNPPL,14404
ETS1,3488
ETS2,3489
ETV1,3490
ETV2,3491
ETV3,3492
ETV4,3493
ETV5,3494
ETV6,3495
ETV7,18160
EVA1A,25816
EVA1B,25558
EVA1C,13239
EVI2B,3500
EVI5,3501
EVI5L,30464
EVL,20234
EVPL,3503
EVX1,3506
EVX2,3507
EWSR1,3508
EXD3,26023
EXO1,3511
EXOC1,30380
EXOC2,24968
EXOC3,30378
EXOC3L4,20120
EXOC4,30389
EXOC5,10696
EXOC6,23196
EXOC6B,17085
EXOC7,23214
EXOC8,24659
EXOSC1,17286
EXOSC10,9138
EXOSC2,17097
EXOSC3,17944
EXOSC4,18189
EXOSC5,24662
EXOSC6,19055
EXOSC7,28112
EXOSC8,17035
EXOSC9,9137
EXPH5,30578
EXT1,3512
EXT2,3513
EXTL1,3515
EXTL2,3516
EXTL3,3518
EYA1,3519
EYA2,3520
EYA3,3521
EYA4,3522
EYS,21555
EZH1,3526
EZH2,3527
EZR,12691
F10,3528
F11,3529
F11R,14685
F12,3530
F13A1,3531
F13B,3534
F2,3535
F2R,3537
F2RL1,3538
F2RL2,3539
F2RL3,3540
F3,3541
F5,3542
F7,3544
F8,3546
F9,3551
FA2H,21197
FAAH,3553
FAAH2,26440
FAAP100,26171
FAAP20,26428
FAAP24,28467
FABP1,3555
FABP12,34524
FABP2,3556
FABP3,3557
FABP4,3559
FABP5,3560
FABP6,3561
FABP7,3562
FABP9,3563
FADD,3573
FADS1,3574
FADS2,3575
FADS2B,43618
FADS3,3576
FAF1,3578
FAF2,24666
FAF2P1,45172
FAH,3579
FAHD1,14169
FAIM,18703
FAM107A,30827
FAM107B,23726
FAM110A,16188
FAM110B,28587
FAM110C,33340
FAM110D,25860
FAM111A,24725
FAM114A1,25087
FAM114A2,1333
FAM117A,24179
FAM117B,14440
FAM118A,1313
FAM118B,26110
FAM120A,13247
FAM131A,28308
FAM131B,22202
FAM131C,26717
FAM135B,28029
FAM13A,19367
FAM13B,1335
FAM161A,25808
FAM162A,17865
FAM167A,15549
FAM168A,28999
FAM169A,29138
FAM174B,34339
FAM177A1,19829
FAM178B,28036
FAM182B,34503
FAM184A,20991
FAM187B,26366
FAM193A,16822
FAM193B,25524
FAM200A,25401
FAM20B,23017
FAM20C,22140
FAM210B,16102
FAM217B,16170
FAM221A,27977
FAM222A,25915
FAM222B,25563
FAM227A,44197
FAM227B,26543
FAM228B,24736
FAM229A,44652
FAM24A,23470
FAM24B,23475
FAM3C,18664
FAM3D,18665
FAM43B,31791
FAM47E,34343
FAM53A,31860
FAM53B,28968
FAM53C,1336
FAM78A,25465
FAM78B,13495
FAM81B,26335
FAM83A,28210
FAM83B,21357
FAM83C,16121
FAM83D,16122
FAM83E,25972
FAM83F,25148
FAM83G,32554
FAM83H,24797
FAM89A,25057
FAM8A1,16372
FAM8A6P,16377
FAM91A1,26306
FAM98B,26773
FAN1,29170
FANCA,3582
FANCB,3583
FANCC,3584
FANCD2,3585
FANCE,3586
FANCF,3587
FANCG,3588
FANCI,25568
FANCL,20748
FANCM,23168
FAP,3590
FAR1,26222
FAR1P1,39675
FAR2,25531
FARP1,3591
FARP2,16460
FARS2,21062
FARSA,3592
FARSB,17800
FAS,11920
FASLG,11936
FASN,3594
FASTK,24676
FASTKD1,26150
FAT1,3595
FAT2,3596
FATE1,24683
FAU,3597
FAXDC2,1334
FBF1,24674
FBH1,13620
FBL,3599
FBLIM1,24686
FBLN1,3600
FBLN2,3601
FBLN5,3602
FBLN7,26740
FBN1,3603
FBN2,3604
FBN3,18794
FBP1,3606
FBP2,3607
FBRS,20442
FBRSL1,29308
FBXL12,13611
FBXL13,21658
FBXL14,28624
FBXL15,28155
FBXL16,14150
FBXL17,13615
FBXL18,21874
FBXL19,25300
FBXL2,13598
FBXL20,24679
FBXL21P,13600
FBXL3,13599
FBXL5,13602
FBXL6,13603
FBXL7,13604
FBXL9P,13605
FBXO11,13590
FBXO15,13617
FBXO16,13618
FBXO2,13581
FBXO21,13592
FBXO22,13593
FBXO24,13595
FBXO25,13596
FBXO27,18753
FBXO28,29046
FBXO3,13582
FBXO31,16510
FBXO32,16731
FBXO33,19833
FBXO38,28844
FBXO4,13583
FBXO42,29249
FBXO43,28521
FBXO44,24847
FBXO45,29148
FBXO5,13584
FBXO6,13585
FBXO7,13586
FBXO8,13587
FBXO9,13588
FBXW10,1211
FBXW11,13607
FBXW12,20729
FBXW2,13608
FBXW5,13613
FBXW7,16712
FBXW8,13597
FCAR,3608
FCER1A,3609
FCER1G,3611
FCER2,3612
FCGR1A,3613
FCGR2A,3616
FCGR2B,3618
FCGR2C,15626
FCGR3A,3619
FCGR3B,3620
FCGRT,3621
FCHO1,29002
FCHO2,25180
FCHSD2,29114
FCMR,14315
FCN2,3624
FCN3,3625
FCRL2,14875
FCRL3,18506
FCRL5,18508
FCRLA,18504
FCSK,29500
FDFT1,3629
FDPS,3631
FDPSP5,3636
FDX1,3638
FDXR,3642
FECH,3647
FEM1A,16934
FEN1,3650
FENDRR,43894
FER,3655
FER1L5,19044
FERMT1,15889
FERMT2,15767
FERMT3,23151
FES,3657
FEV,18562
FEZ1,3659
FEZ2,3660
FEZF1,22788
FEZF2,13506
FFAR1,4498
FFAR2,4501
FFAR3,4499
FFAR4,19061
FGA,3661
FGB,3662
FGD1,3663
FGD2,3664
FGD3,16027
FGD4,19125
FGD5,19117
FGD5_AS1,40410
FGD6,21740
FGF1,3665
FGF10,3666
FGF11,3667
FGF12,3668
FGF13,3670
FGF14,3671
FGF14_AS2,44368
FGF16,3672
FGF17,3673
FGF18,3674
FGF19,3675
FGF2,3676
FGF20,3677
FGF21,3678
FGF22,3679
FGF23,3680
FGF3,3681
FGF4,3682
FGF5,3683
FGF6,3684
FGF7,3685
FGF8,3686
FGF9,3687
FGFBP1,19695
FGFR1,3688
FGFR2,3689
FGFR3,3690
FGFR4,3691
FGFRL1,3693
FGG,3694
FGGY,25610
FGL1,3695
FGL2,3696
FGR,3697
FH,3700
FHAD1,29408
FHIP1A,34237
FHIP2A,29320
FHIT,3701
FHL1,3702
FHL2,3703
FHL3,3704
FHL5,17371
FHOD1,17905
FHOD3,26178
FIBCD1,25922
FIG4,16873
FIGLA,24669
FIGN,13285
FILIP1L,24589
FIP1L1,19124
FIRRE,49627
FIS1,21689
FITM1,33714
FITM2,16135
FIZ1,25917
FKBP10,18169
FKBP11,18624
FKBP14,18625
FKBP15,23397
FKBP1A,3711
FKBP1B,3712
FKBP2,3718
FKBP3,3719
FKBP4,3720
FKBP5,3721
FKBP6,3722
FKBP7,3723
FKBP8,3724
FKBP9,3725
FKTN,3622
FLAD1,24671
FLCN,27310
FLI1,3749
FLII,3750
FLNA,3754
FLNB,3755
FLNC,3756
FLOT1,3757
FLOT2,3758
FLT1,3763
FLT3,3765
FLT3LG,3766
FLT4,3767
FLYWCH1,25404
FLYWCH2,25178
FMC1,26946
FMN1,3768
FMN2,14074
FMNL1,1212
FMNL2,18267
FMNL3,23698
FMO1,3769
FMO10P,32211
FMO2,3770
FMO3,3771
FMO4,3772
FMO5,3773
FMOD,3774
FMR1,3775
FN1,3778
FN3K,24822
FN3KRP,25700
FNBP1,17069
FNBP1L,20851
FNBP1P1,44528
FNBP4,19752
FNDC10,42951
FNDC11,28764
FNDC3A,20296
FNDC3B,24670
FNDC5,20240
FNIP1,29418
FNIP2,29280
FNTA,3782
FNTB,3785
FOCAD,23377
FOLR1,3791
FOLR2,3793
FOLR3,3795
FOS,3796
FOSB,3797
FOSL1,13718
FOSL2,3798
FOXA1,5021
FOXA2,5022
FOXA3,5023
FOXB1,3799
FOXB2,23315
FOXC1,3800
FOXC2,3801
FOXCUT,50650
FOXD1,3802
FOXD2,3803
FOXD2_AS1,44256
FOXD3,3804
FOXE1,3806
FOXF1,3809
FOXF2,3810
FOXG1,3811
FOXH1,3814
FOXI2,32448
FOXJ1,3816
FOXJ2,24818
FOXJ3,29178
FOXK1,23480
FOXK2,6036
FOXL2,1092
FOXM1,3818
FOXN1,12765
FOXN2,5281
FOXN3,1928
FOXN4,21399
FOXO1,3819
FOXO3,3821
FOXO4,7139
FOXO6,24814
FOXP1,3823
FOXP2,13875
FOXP3,6106
FOXP4,20842
FOXQ1,20951
FOXR2,30469
FOXS1,3735
FPGS,3824
FPGT,3825
FPR1,3826
FPR2,3827
FPR3,3828
FRA16A,3857
FRA8B,3930
FRAT1,3944
FRAT2,16048
FREM1,23399
FREM2,25396
FRG1,3954
FRK,3955
FRMD1,21240
FRMD3,24125
FRMD4A,25491
FRMD4B,24886
FRMD5,28214
FRMD6,19839
FRMPD1,29159
FRMPD2,28572
FRMPD3,29382
FRS2,16971
FRS3,16970
FRY,20367
FRYL,29127
FRZB,3959
FSCN1,11148
FSHB,3964
FSHR,3969
FSIP1,21674
FST,3971
FSTL1,3972
FSTL3,3973
FSTL5,21386
FTCD,3974
FTCDNL1,48661
FTH1,3976
FTH1P22,37640
FTL,3999
FTMT,17345
FTO,24678
FTSJ3,17136
FTX,37190
FUBP1,4004
FUCA1,4006
FUCA2,4008
FUNDC1,28746
FUNDC2,24925
FUOM,24733
FURIN,8568
FUS,4010
FUT1,4012
FUT10,19234
FUT11,19233
FUT2,4013
FUT3,4014
FUT4,4015
FUT5,4016
FUT6,4017
FUT7,4018
FUT8,4019
FUT9,4020
FUZ,26219
FXN,3951
FXNP2,51607
FXR1,4023
FXR2,4024
FXYD1,4025
FXYD2,4026
FXYD3,4027
FXYD5,4029
FXYD6,4030
FYB1,4036
FYCO1,14673
FYN,4037
FYTTD1,25407
FZD1,4038
FZD10,4039
FZD2,4040
FZD3,4041
FZD4,4042
FZD5,4043
FZD6,4044
FZD7,4045
FZD8,4046
FZD9,4047
FZR1,24824
G2E3,20338
G3BP1,30292
G3BP2,30291
G6PC1,4056
G6PC2,28906
G6PC3,24861
G6PD,4057
GAA,4065
GAB1,4066
GAB2,14458
GABARAP,4067
GABARAPL1,4068
GABARAPL2,13291
GABBR1,4070
GABBR2,4507
GABPA,4071
GABPB1,4074
GABPB1_AS1,44157
GABPB2,28441
GABRA1,4075
GABRA2,4076
GABRA3,4077
GABRA4,4078
GABRA5,4079
GABRA6,4080
GABRB1,4081
GABRB2,4082
GABRB3,4083
GABRD,4084
GABRE,4085
GABRG1,4086
GABRG2,4087
GABRG3,4088
GABRP,4089
GABRQ,14454
GABRR1,4090
GABRR2,4091
GACAT3,50847
GAD1,4092
GAD2,4093
GADD45A,4095
GADD45B,4096
GADD45G,4097
GADD45GIP1,29996
GADL1,27949
GAK,4113
GAL,4114
GAL3ST1,24240
GAL3ST2,24869
GAL3ST3,24144
GAL3ST4,24145
GALC,4115
GALE,4116
GALK1,4118
GALK2,4119
GALM,24063
GALNS,4122
GALNT1,4123
GALNT10,19873
GALNT11,19875
GALNT12,19877
GALNT13,23242
GALNT14,22946
GALNT15,21531
GALNT16,23233
GALNT17,16347
GALNT18,30488
GALNT2,4124
GALNT3,4125
GALNT4,4126
GALNT5,4127
GALNT6,4128
GALNT7,4129
GALNT8,4130
GALNT9,4131
GALNTL6,33844
GALP,24840
GALR1,4132
GALR2,4133
GALR3,4134
GALT,4135
GAMT,4136
GAN,4137
GANAB,4138
GANC,4139
GAP43,4140
GAPDH,4141
GAPDHP1,4159
GAPDHP14,4160
GAPDHP28,37780
GAPDHS,24864
GAPVD1,23375
GAR1,14264
GAREM2,27172
GARNL3,25425
GARS1,4162
GARS1_DT,48951
GART,4163
GAS1,4165
GAS2,4167
GAS2L1,16955
GAS5,16355
GAS6,4168
GAS7,4169
GAS8,4166
GAST,4164
GATA1,4170
GATA2,4171
GATA3,4172
GATA4,4173
GATA5,15802
GATA6,4174
GATA6_AS1,48840
GATAD2A,29989
GATAD2B,30778
GATC,25068
GATM,4175
GBA1,4177
GBA2,18986
GBA3,19069
GBE1,4180
GBF1,4181
GBGT1,20460
GBP1,4182
GBP2,4183
GBP3,4184
GBX1,4185
GBX2,4186
GC,4187
GCAT,4188
GCC1,19095
GCC2,23218
GCDH,4189
GCG,4191
GCGR,4192
GCH1,4193
GCHFR,4194
GCK,4195
GCKR,4196
GCLC,4311
GCLM,4312
GCM1,4197
GCN1,4199
GCNA,15805
GCNT1,4203
GCNT2,4204
GCNT3,4205
GCNT4,17973
GCNT7,16099
GCOM1,26424
GCSAM,20253
GCSH,4208
GDA,4212
GDAP1,15968
GDE1,29644
GDF1,4214
GDF11,4216
GDF15,30142
GDF2,4217
GDF3,4218
GDF5,4220
GDF6,4221
GDF7,4222
GDF9,4224
GDI1,4226
GDI2,4227
GDNF,4232
GDPD2,25974
GDPD4,24849
GDPD5,28804
GDPGP1,34360
GEM,4234
GEMIN2,10884
GEMIN4,15717
GEMIN5,20043
GEMIN6,20044
GEMIN7,20045
GEMIN8,26044
GEN1,26881
GET1,12790
GET3,752
GET4,21690
GFAP,4235
GFER,4236
GFI1,4237
GFI1B,4238
GFM1,13780
GFM2,29682
GFOD1,21096
GFOD3P,29052
GFPT1,4241
GFPT2,4242
GFRA1,4243
GFRA2,4244
GFRA3,4245
GFRA4,13821
GFUS,12390
GGA1,17842
GGA2,16064
GGA3,17079
GGACT,25100
GGCT,21705
GGCX,4247
GGH,4248
GGNBP2,19357
GGPS1,4249
GGT1,4250
GGT5,4260
GGT6,26891
GGT7,4259
GGTA2P,4254
GGTLC1,16437
GGTLC2,18596
GGTLC3,33426
GH1,4261
GH2,4262
GHITM,17281
GHR,4263
GHRH,4265
GHRHR,4266
GHRL,18129
GHSR,4267
GIGYF1,9126
GIGYF2,11960
GIMAP3P,30975
GINS1,28980
GINS3,25851
GINS4,28226
GIP,4270
GIPC1,1226
GIPR,4271
GIT1,4272
GIT2,4273
GJA1,4274
GJA3,4277
GJA5,4279
GJB1,4283
GJB2,4284
GJB5,4287
GJC1,4280
GJC2,17494
GJD2,19154
GK,4289
GK2,4291
GK3,4292
GK5,28635
GKAP1,17496
GKN1,23217
GLA,4296
GLB1,4298
GLB1L,28129
GLB1L3,25147
GLCCI1,18713
GLCE,17855
GLDC,4313
GLDN,29514
GLE1,4315
GLG1,4316
GLI1,4317
GLI2,4318
GLI3,4319
GLIPR1,17001
GLIPR2,18007
GLIS1,29525
GLIS2,29450
GLIS3,28510
GLMN,14373
GLO1,4323
GLOD4,14111
GLP1R,4324
GLP2R,4325
GLRA1,4326
GLRA2,4327
GLRA3,4328
GLRB,4329
GLRX,4330
GLRX2,16065
GLRX5,20134
GLS,4331
GLS2,29570
GLT6D1,23671
GLT8D1,24870
GLT8D2,24890
GLTP,24867
GLUD1,4335
GLUD2,4336
GLUL,4341
GLYAT,13734
GLYATL1,30519
GLYATL2,24178
GLYATL3,21349
GLYCAM1,18023
GLYCTK,24247
GLYR1,24434
GM2A,4367
GMCL1,23843
GMCL2,19717
GMDS,4369
GMEB1,4370
GMFB,4373
GMFG,4374
GMIP,24852
GML,4375
GMNN,17493
GMPPB,22932
GMPR,4376
GMPR2,4377
GMPS,4378
GNA11,4379
GNA12,4380
GNA13,4381
GNA14,4382
GNA15,4383
GNAI1,4384
GNAI2,4385
GNAI2P1,4386
GNAI3,4387
GNAL,4388
GNAO1,4389
GNAQ,4390
GNAS,4392
GNAT1,4393
GNAT2,4394
GNAZ,4395
GNB1,4396
GNB2,4398
GNB3,4400
GNB4,20731
GNB5,4401
GNE,23657
GNG10,4402
GNG11,4403
GNG12,19663
GNG13,14131
GNG2,4404
GNG3,4405
GNG4,4407
GNG5,4408
GNG7,4410
GNG8,19664
GNGT1,4411
GNGT2,4412
GNL1,4413
GNL2,29925
GNL3,29931
GNL3LP1,25733
GNLY,4414
GNMT,4415
GNPAT,4416
GNPDA1,4417
GNPDA2,21526
GNPNAT1,19980
GNPTAB,29670
GNPTG,23026
GNRH1,4419
GNRH2,4420
GNRHR,4421
GNRHR2,16341
GNS,4422
GOLGA1,4424
GOLGA2,4425
GOLGA2P4,38600
GOLGA3,4426
GOLGA4,4427
GOLGA5P1,43925
GOLGA6B,32205
GOLGA6C,32206
GOLGA7,24876
GOLGA7B_DT,45232
GOLGB1,4429
GOLIM4,15448
GOLM1,15451
GOLM2,24892
GOLPH3,15452
GOLPH3L,24882
GON4L,25973
GOPC,17643
GORASP1,16769
GORASP2,17500
GOSR1,4430
GOSR2,4431
GOT1,4432
GOT1L1,28487
GOT2,4433
GP1BA,4439
GP1BB,4440
GP2,4441
GP5,4443
GP6,14388
GP9,4444
GPA33,4445
GPAA1,4446
GPALPP1,20298
GPAM,24865
GPANK1,13920
GPAT2,27168
GPAT3,28157
GPAT4,20880
GPATCH2L,20210
GPATCH8,29066
GPBAR1,19680
GPBP1,29520
GPBP1L1,28843
GPC1,4449
GPC3,4451
GPC4,4452
GPC5,4453
GPC6,4454
GPCPD1,26957
GPD1,4455
GPD1L,28956
GPD2,4456
GPER1,4485
GPHA2,18054
GPHB5,18055
GPHN,15465
GPI,4458
GPIHBP1,24945
GPKOW,30677
GPLD1,4459
GPM6A,4460
GPM6B,4461
GPN1,17030
GPNMB,4462
GPR107,17830
GPR108,17829
GPR119,19060
GPR132,17482
GPR135,19991
GPR137,24300
GPR137B,11862
GPR141,19997
GPR143,20145
GPR146,21718
GPR15,4469
GPR151,23624
GPR155,22951
GPR156,20844
GPR158,23689
GPR160,23693
GPR161,23694
GPR17,4471
GPR174,30245
GPR176,32370
GPR182,13708
GPR183,3128
GPR25,4480
GPR26,4481
GPR34,4490
GPR35,4492
GPR37,4494
GPR39,4496
GPR4,4497
GPR42,4500
GPR50,4506
GPR55,4511
GPR65,4517
GPR78,4528
GPR84,4535
GPR85,4536
GPR89P,13951
GPRASP3,29353
GPRC5A,9836
GPRC5B,13308
GPRC5C,13309
GPRIN1,24835
GPRIN3,27733
GPS1,4549
GPSM1,17858
GPSM2,29501
GPSM3,13945
GPT,4552
GPT2,18062
GPX1,4553
GPX1P2,4561
GPX2,4554
GPX3,4555
GPX4,4556
GPX5,4557
GPX6,4558
GPX7,4559
GPX8,33100
GRAMD1A,29305
GRAMD1B,29214
GRAMD2A,27287
GRAMD2B,24911
GRAMD4,29113
GRAP,4562
GRAP2,4563
GRB10,4564
GRB14,4565
GRB2,4566
GRB7,4567
GREB1,24885
GREB1L,31042
GREM1,2001
GREM2,17655
GRHL1,17923
GRHL2,2799
GRHL3,25839
GRHPR,4570
GRIA1,4571
GRIA2,4572
GRIA3,4573
GRIA4,4574
GRID1,4575
GRID2,4576
GRID2IP,18464
GRIFIN,4577
GRIK1,4579
GRIK2,4580
GRIK3,4581
GRIK4,4582
GRIK5,4583
GRIN1,4584
GRIN2A,4585
GRIN2B,4586
GRIN2C,4587
GRIN2D,4588
GRIN3A,16767
GRIN3B,16768
GRINA,4589
GRIP1,18708
GRIP2,23841
GRIPAP1,18706
GRK1,10013
GRK2,289
GRK3,290
GRK4,4543
GRK5,4544
GRK6,4545
GRK7,17031
GRM1,4593
GRM2,4594
GRM3,4595
GRM4,4596
GRM5,4597
GRM6,4598
GRM7,4599
GRM8,4600
GRN,4601
GRP,4605
GRPEL1,19696
GRPEL2,21060
GRPR,4609
GRSF1,4610
GSAP,28042
GSC,4612
GSDMD,25697
GSDME,2810
GSE1,28979
GSK3A,4616
GSK3B,4617
GSN,4620
GSPT1,4621
GSR,4623
GSS,4624
GSTA1,4626
GSTA2,4627
GSTA3,4628
GSTA4,4629
GSTA5,19662
GSTA9P,49902
GSTK1,16906
GSTM1,4632
GSTM2,4634
GSTM3,4635
GSTM4,4636
GSTM5,4637
GSTM5P1,4633
GSTO1,13312
GSTO2,23064
GSTP1,4638
GSTT2B,33437
GSTZ1,4643
GSX2,24959
GTDC1,20887
GTF2A1,4646
GTF2A1L,30727
GTF2A2,4647
GTF2B,4648
GTF2E1,4650
GTF2E2,4651
GTF2F1,4652
GTF2F2,4653
GTF2H1,4655
GTF2H2,4656
GTF2H2C,31394
GTF2H3,4657
GTF2H4,4658
GTF2H5,21157
GTF2I,4659
GTF2IRD1,4661
GTF2IRD2,30775
GTF3A,4662
GTF3C1,4664
GTF3C2,4665
GTF3C3,4666
GTF3C4,4667
GTF3C5,4668
GTF3C6,20872
GTPBP1,4669
GTPBP2,4670
GTPBP3,14880
GTPBP4,21535
GTPBP6,30189
GTSE1,13698
GUCA1A,4678
GUCA1B,4679
GUCA2A,4682
GUCA2B,4683
GUCD1,14237
GUCY1A1,4685
GUCY1A2,4684
GUCY1B1,4687
GUCY1B2,4686
GUCY2C,4688
GUCY2D,4689
GUCY2F,4691
GUCY2GP,31863
GUK1,4693
GULP1,18649
GUSB,4696
GXYLT1,27482
GXYLT2,33383
GYG1,4699
GYG1P2,39710
GYG2,4700
GYPA,4702
GYPB,4703
GYPC,4704
GYS1,4706
GYS2,4707
GZMA,4708
GZMB,4709
GZMH,4710
GZMM,4712
H19,4713
H1_0,4714
H1_1,4715
H1_2,4716
H1_4,4718
H1_5,4719
H2AB1,22516
H2AB2,18298
H2AC1,18729
H2AC11,4737
H2AC12,13671
H2AC14,4727
H2AC17,4735
H2AC18,4736
H2AC20,4738
H2AC21,20508
H2AC25,20507
H2AC4,4734
H2AC6,4733
H2AC7,4729
H2AJ,14456
H2AX,4739
H2AZ1,4741
H2AZ2,20664
H2AZ2_DT,52775
H2BC1,18730
H2BC11,4761
H2BC12,13954
H2BC12L,4762
H2BC13,4748
H2BC14,4750
H2BC15,4749
H2BC17,4758
H2BC18,24700
H2BC20P,20516
H2BC21,4760
H2BC26,20514
H2BC3,4751
H2BC4,4757
H2BC5,4747
H2BC9,4755
H2BK1,53833
H2BW1,27252
H2BW2,27867
H3C1,4766
H3C12,4774
H3C13,25311
H3C14,20503
H3C2,4776
H3C9P,18982
H3Y1,43735
H3Y2,43734
H3_3A,4764
H3_3B,4765
H3_4,4778
H3_5,33164
H3_7,32060
H4C1,4781
H4C13,4791
H4C14,4794
H4C16,20510
H4C2,4789
H4C3,4787
H4C5,4790
H4C8,4788
H4C9,4793
H6PD,4795
HAAO,4796
HABP2,4798
HABP4,17062
HACD1,9639
HACD2,9640
HACD3,24175
HACD4,20920
HACE1,21033
HACL1,17856
HADH,4799
HADHA,4801
HADHB,4803
HAGH,4805
HAGHL,14177
HAGLR,43755
HAL,4806
HAMP,15598
HAND1,4807
HAND2,4808
HAO1,4809
HAO2,4810
HAP1,4812
HAPLN1,2380
HAPSTR1,30103
HARS1,4816
HAS1,4818
HAS2,4819
HAS3,4820
HASPIN,19682
HAT1,4821
HAUS1,25174
HAUS2,25530
HAUS3,28719
HAUS4,20163
HAUS5,29130
HAUS6,25948
HAUS7,32979
HAUS8,30532
HAVCR1,17866
HAVCR2,18437
HAX1,16915
HBA1,4823
HBA2,4824
HBB,4827
HBE1,4830
HBEGF,3059
HBG1,4831
HBG2,4832
HBP1,23200
HBS1L,4834
HBZ,4835
HCAR2,24827
HCCS,4837
HCFC1,4839
HCFC1R1,21198
HCG18,31337
HCG20,31334
HCG27,27366
HCK,4840
HCLS1,4844
HCN1,4845
HCN2,4846
HCN4,16882
HCP5,21659
HCRT,4847
HCRTR1,4848
HCRTR2,4849
HCST,16977
HDAC1,4852
HDAC10,18128
HDAC11,19086
HDAC2,4853
HDAC3,4854
HDAC4,14063
HDAC5,14068
HDAC6,14064
HDAC7,14067
HDAC8,13315
HDAC9,14065
HDC,4855
HDDC2,21078
HDGF,4856
HDHD2,25364
HDLBP,4857
HEATR1,25517
HEATR5A,20276
HEBP2,15716
HECA,21041
HECTD1,20157
HECTD2,26736
HECTD3,26117
HECTD4,26611
HECW1,22195
HECW2,29853
HELLS,4861
HELZ,16878
HELZ2,30021
HEMGN,17509
HEPACAM,26361
HEPH,4866
HERC1,4867
HERC2,4868
HERC3,4876
HERC4,24521
HERC5,24368
HERC6,26072
HERPUD1,13744
HERPUD2,21915
HES1,5192
HES2,16005
HES5,19764
HES6,18254
HES7,15977
HEXA,4878
HEXB,4879
HEXD,26307
HEXIM1,24953
HEXIM2,28591
HEY1,4880
HEY2,4881
HEYL,4882
HFE,4886
HGD,4892
HGF,4893
HGFAC,4894
HGS,4897
HGSNAT,26527
HHAT,18270
HHEX,4901
HHIP,14866
HIBADH,4907
HIBCH,4908
HIC1,4909
HIF1A,4910
HIF1AN,17113
HIF3A,15825
HIGD1AP13,43008
HIGD2A,28311
HIKESHI,26938
HINFP,17850
HINT1,4912
HINT2,18344
HIP1,4913
HIPK1,19006
HIPK2,14402
HIPK3,4915
HIPK4,19007
HIRA,4916
HIRIP3,4917
HIVEP1,4920
HIVEP2,4921
HIVEP3,13561
HJURP,25444
HJV,4887
HK1,4922
HK2,4923
HK3,4925
HKDC1,23302
HLA_A,4931
HLA_B,4932
HLA_C,4933
HLA_DMA,4934
HLA_DMB,4935
HLA_DOA,4936
HLA_DOB,4937
HLA_DPA1,4938
HLA_DPB1,4940
HLA_DQA1,4942
HLA_DQA2,4943
HLA_DQB1,4944
HLA_DQB2,4945
HLA_DRA,4947
HLA_DRB1,4948
HLA_DRB3,4951
HLA_DRB4,4952
HLA_DRB5,4953
HLA_E,4962
HLA_F,4963
HLA_G,4964
HLCS,4976
HLF,4977
HLTF,11099
HLX,4978
HM13,16435
HMBOX1,26137
HMBS,4982
HMCN1,19194
HMCN2,21293
HMG20B,5002
HMGA1,5010
HMGA1P3,13323
HMGA2,5009
HMGB1,4983
HMGB1P1,4993
HMGB1P29,39120
HMGB2,5000
HMGB3,5004
HMGB3P24,39316
HMGB3P32,39335
HMGB3P5,39105
HMGCL,5005
HMGCLL1,21359
HMGCR,5006
HMGCS1,5007
HMGCS2,5008
HMGN1,4984
HMGN1P18,39362
HMGN1P4,39336
HMGN2,4986
HMGN2P13,33557
HMGN2P25,39392
HMGN2P38,39409
HMGN2P47,44422
HMGN3,12312
HMGN4,4989
HMGXB3,28982
HMGXB4,5003
HMMR,5012
HMOX1,5013
HMOX2,5014
HMX1,5017
HMX2,5018
HMX3,5019
HNF1A,11621
HNF1A_AS1,26785
HNF1B,11630
HNF4A,5024
HNF4G,5026
HNMT,5028
HNRNPA0,5030
HNRNPA1,5031
HNRNPA1P1,13957
HNRNPA1P23,39541
HNRNPA1P57,48787
HNRNPA1P7,31015
HNRNPA2B1,5033
HNRNPA3,24941
HNRNPC,5035
HNRNPCP4,48816
HNRNPD,5036
HNRNPDL,5037
HNRNPF,5039
HNRNPH1,5041
HNRNPH2,5042
HNRNPH3,5043
HNRNPK,5044
HNRNPL,5045
HNRNPLL,25127
HNRNPLP1,48748
HNRNPM,5046
HNRNPMP2,48746
HNRNPR,5047
HNRNPU,5048
HNRNPUL1,17011
HOGA1,25155
HOMER1,17512
HOMER2,17513
HOMER3,17514
HOMEZ,20164
HOOK1,19884
HOOK2,19885
HOOK3,23576
HOPX,24961
HOTAIR,33510
HOTTIP,37461
HOXA1,5099
HOXA10,5100
HOXA11,5101
HOXA13,5102
HOXA2,5103
HOXA3,5104
HOXA4,5105
HOXA5,5106
HOXA7,5108
HOXA9,5109
HOXA_AS2,43745
HOXA_AS3,43748
HOXB1,5111
HOXB13,5112
HOXB2,5113
HOXB3,5114
HOXB4,5115
HOXB5,5116
HOXB6,5117
HOXB7,5118
HOXB8,5119
HOXB9,5120
HOXB_AS3,40283
HOXC10,5122
HOXC11,5123
HOXC12,5124
HOXC13,5125
HOXC4,5126
HOXC6,5128
HOXC8,5129
HOXC9,5130
HOXC_AS3,43751
HOXD1,5132
HOXD10,5133
HOXD11,5134
HOXD12,5135
HOXD13,5136
HOXD3,5137
HOXD4,5138
HOXD8,5139
HOXD9,5140
HP,5141
HP1BP3,24973
HPCA,5144
HPCAL1,5145
HPD,5147
HPGD,5154
HPGDS,17890
HPN,5155
HPR,5156
HPRT1,5157
HPRT1P1,51622
HPS1,5163
HPS3,15597
HPS4,15844
HPS5,17022
HPS6,18817
HPSE,5164
HPSE2,18374
HPX,5171
HR,5172
HRAS,5173
HRC,5178
HRH1,5182
HRH2,5183
HRH3,5184
HRH4,17383
HRK,5185
HS1BP3,24979
HS2ST1,5193
HS3ST1,5194
HS3ST2,5195
HS3ST3A1,5196
HS3ST3B1,5198
HS3ST4,5200
HS3ST5,19419
HS3ST6,14178
HS6ST1,5201
HS6ST2,19133
HS6ST3,19134
HSBP1,5203
HSBP1P2,37300
HSD11B1,5208
HSD11B1L,30419
HSD11B2,5209
HSD17B1,5210
HSD17B10,4800
HSD17B11,22960
HSD17B12,18646
HSD17B14,23238
HSD17B2,5211
HSD17B3,5212
HSD17B4,5213
HSD17B6,23316
HSD17B7,5215
HSD17B8,3554
HSD3B1,5217
HSD3B2,5218
HSD3B7,18324
HSDL1,16475
HSDL2,18572
HSDL2_AS1,31438
HSF1,5224
HSF2,5225
HSF4,5227
HSFX1,29603
HSFY1,18568
HSH2D,24920
HSP90AA1,5253
HSP90AA2P,5256
HSP90AA4P,5255
HSP90AB1,5258
HSP90AB2P,32537
HSP90B1,12028
HSPA14,29526
HSPA1A,5232
HSPA1B,5233
HSPA1L,5234
HSPA2,5235
HSPA4,5237
HSPA5,5238
HSPA6,5239
HSPA8,5241
HSPA8P13,44928
HSPA8P8,44923
HSPA9,5244
HSPB1,5246
HSPB2,5247
HSPB6,26511
HSPB8,30171
HSPBP1,24989
HSPD1,5261
HSPE1,5269
HSPE1P20,49339
HSPE1P24,49343
HSPG2,5273
HSPH1,16969
HTATIP2,16637
HTATSF1,5276
HTATSF1P2,38586
HTR1A,5286
HTR1B,5287
HTR1D,5289
HTR1DP1,5290
HTR1E,5291
HTR1F,5292
HTR2A,5293
HTR2B,5294
HTR2C,5295
HTR3A,5297
HTR3B,5298
HTR3C,24003
HTR3D,24004
HTR3E,24005
HTR4,5299
HTR5A,5300
HTR5BP,16291
HTR6,5301
HTR7,5302
HTR7P1,30411
HTRA1,9476
HTRA2,14348
HTRA3,30406
HTT,4851
HULC,34232
HUNK,13326
HUS1,5309
HUS1B,16485
HUWE1,30892
HVBS7,5314
HVBS8,5315
HVCN1,28240
HYAL1,5320
HYAL2,5321
HYAL3,5322
HYAL4,5323
HYCC2,28593
HYDIN,19368
HYI,26948
HYKK,34403
HYMAI,5326
HYOU1,16931
IAPP,5329
IARS1,5330
IARS2,29685
IBSP,5341
IBTK,17853
ICA1,5343
ICAM1,5344
ICAM2,5345
ICAM3,5346
ICAM4,5347
ICAM5,5348
ICE1,29154
ICE2,29885
ICMT,5350
ICOS,5351
ICOSLG,17087
ID1,5360
ID2,5361
ID3,5362
ID4,5363
IDE,5381
IDH1,5382
IDH2,5383
IDH3A,5384
IDH3B,5385
IDH3G,5386
IDI1,5387
IDI2,23487
IDNK,31367
IDO1,6059
IDO2,27269
IDS,5389
IDUA,5391
IER2,28871
IER3,5392
IER5,5393
IFFO2,27006
IFI16,5395
IFI27,5397
IFI35,5399
IFI44,16938
IFI6,4054
IFIH1,18873
IFIT1,5407
IFIT2,5409
IFIT3,5411
IFITM1,5412
IFITM3,5414
IFITM5,16644
IFNA1,5417
IFNA10,5418
IFNA13,5419
IFNA14,5420
IFNA16,5421
IFNA17,5422
IFNA2,5423
IFNA21,5424
IFNA4,5425
IFNA5,5426
IFNA6,5427
IFNA7,5428
IFNA8,5429
IFNAR1,5432
IFNAR2,5433
IFNB1,5434
IFNE,18163
IFNG,5438
IFNGR1,5439
IFNGR2,5440
IFNG_AS1,43910
IFNK,21714
IFNL1,18363
IFNL2,18364
IFNL3,18365
IFNLR1,18584
IFNR,5447
IFNW1,5448
IFRD1,5456
IFRD2,5457
IFT140,29077
IFT172,30391
IFT25,25019
IFT56,21882
IFT70B,26425
IFT80,29262
IFT81,14313
IFT88,20606
IFTAP,25142
IGBP1,5461
IGDCC3,9700
IGDCC4,13770
IGF1,5464
IGF1R,5465
IGF2,5466
IGF2BP1,28866
IGF2BP2,28867
IGF2BP3,28868
IGF2R,5467
IGFALS,5468
IGFBP1,5469
IGFBP2,5471
IGFBP3,5472
IGFBP4,5473
IGFBP5,5474
IGFBP6,5475
IGFBP7,5476
IGFL4,32931
IGFLR1,23620
IGH,5477
IGHA1,5478
IGHD,5480
IGHD2_15,5489
IGHE,5522
IGHG1,5525
IGHG3,5527
IGHM,5541
IGHV1_69,5558
IGHV3_23,5588
IGKV1_16,5732
IGKV1_17,5733
IGKV1_6,5742
IGL,5853
IGLL2P,5871
IGLL3P,5872
IGSF11,16669
IGSF21,28246
IGSF5,5952
IGSF8,17813
IHH,5956
IHO1,27945
IK,5958
IKBKB,5960
IKBKE,14552
IKBKG,5961
IKZF1,13176
IKZF2,13177
IKZF3,13178
IKZF4,13179
IL10,5962
IL10RA,5964
IL10RB,5965
IL11,5966
IL11RA,5967
IL12A,5969
IL12B,5970
IL12RB1,5971
IL12RB2,5972
IL13,5973
IL13RA1,5974
IL13RA2,5975
IL15,5977
IL15RA,5978
IL16,5980
IL17A,5981
IL17B,5982
IL17C,5983
IL17D,5984
IL17F,16404
IL17RA,5985
IL17RB,18015
IL17RC,18358
IL17RD,17616
IL18,5986
IL18BP,5987
IL18R1,5988
IL18RAP,5989
IL19,5990
IL1A,5991
IL1B,5992
IL1R1,5993
IL1R2,5994
IL1RAP,5995
IL1RAPL1,5996
IL1RAPL2,5997
IL1RL1,5998
IL1RN,6000
IL2,6001
IL20,6002
IL20RA,6003
IL20RB,6004
IL21,6005
IL21R,6006
IL22,14900
IL22RA1,13700
IL22RA2,14901
IL23A,15488
IL23R,19100
IL24,11346
IL25,13765
IL26,17119
IL27,19157
IL27RA,17290
IL2RA,6008
IL2RB,6009
IL2RG,6010
IL3,6011
IL31,19372
IL31RA,18969
IL32,16830
IL33,16028
IL34,28529
IL36G,15741
IL3RA,6012
IL4,6014
IL4I1,19094
IL4R,6015
IL5,6016
IL5RA,6017
IL6,6018
IL6R,6019
IL6ST,6021
IL7,6023
IL7R,6024
IL9,6029
IL9R,6030
ILDR2,18131
ILF2,6037
ILF3,6038
ILK,6040
ILKAP,15566
ILRUN,21215
IMMP2L,14598
IMMT,6047
IMP3,14497
IMP3P2,49386
IMP4,30856
IMPA1,6050
IMPA2,6051
IMPACT,20387
IMPDH1,6052
IMPDH1P3,33958
IMPDH2,6053
IMPG1,6055
INA,6057
INCENP,6058
INF2,23791
ING1,6062
ING2,6063
ING3,14587
ING4,19423
ING5,19421
INGX,6064
INHA,6065
INHBA,6066
INHBB,6067
INHBC,6068
INHBE,24029
INKA2,28045
INMT,6069
INO80,26956
INO80B,13324
INO80C,26994
INO80D,25997
INO80E,26905
INPP1,6071
INPP4A,6074
INPP4B,6075
INPP5A,6076
INPP5B,6077
INPP5D,6079
INPP5E,21474
INPP5F,17054
INPP5J,8956
INPP5K,33882
INPPL1,6080
INS,6081
INSIG1,6083
INSIG2,20452
INSL3,6086
INSL5,6088
INSM1,6090
INSM2,17539
INSR,6091
INSRR,6093
INSYN2A,33859
INTS1,24555
INTS10,25548
INTS11,26052
INTS12,25067
INTS13,20174
INTS14,25372
INTS2,29241
INTS3,26153
INTS4,25048
INTS5,29352
INTS6,14879
INTS6L,27334
INTS7,24484
INTS8,26048
INTS9,25592
INTU,29239
INVS,17870
IP6K1,18360
IP6K2,17313
IP6K3,17269
IPCEF1,21204
IPMK,20739
IPO11,20628
IPO13,16853
IPO5,6402
IPO7,9852
IPO9,19425
IPPK,14645
IQCA1,26195
IQCB1,28949
IQCB2P,17727
IQCD,25168
IQCG,25251
IQCH,25721
IQCJ,32406
IQCK,28556
IQCN,29350
IQGAP1,6110
IQGAP2,6111
IQGAP3,20669
IQSEC1,29112
IQSEC2,29059
IRAG1,7237
IRAG2,6690
IRAK1,6112
IRAK1BP1,17368
IRAK2,6113
IRAK3,17020
IRAK4,17967
IREB2,6115
IRF1,6116
IRF2,6117
IRF2BP1,21728
IRF2BP2,21729
IRF2BPL,14282
IRF3,6118
IRF4,6119
IRF5,6120
IRF6,6121
IRF7,6122
IRF8,5358
IRF9,6131
IRGC,28835
IRS1,6125
IRS2,6126
IRS3P,6127
IRS4,6128
IRX1,14358
IRX2,14359
IRX3,14360
IRX5,14361
ISCA1,28660
ISCA2P1,38022
ISCU,29882
ISG15,4053
ISG20,6130
ISG20L2,25745
ISL1,6132
ISL2,18524
ISLR2,29286
ISM1,16213
ISOC2,26278
IST1,28977
ISY1,29201
ISYNA1,29821
ITCH,13890
ITFG1,30697
ITFG2,30879
ITGA1,6134
ITGA10,6135
ITGA11,6136
ITGA2,6137
ITGA2B,6138
ITGA3,6139
ITGA4,6140
ITGA5,6141
ITGA6,6142
ITGA7,6143
ITGA8,6144
ITGA9,6145
ITGAD,6146
ITGAE,6147
ITGAL,6148
ITGAM,6149
ITGAV,6150
ITGAX,6152
ITGB1,6153
ITGB1BP1,23927
ITGB2,6155
ITGB2_AS1,44304
ITGB3,6156
ITGB3BP,6157
ITGB4,6158
ITGB5,6160
ITGB6,6161
ITGB7,6162
ITGB8,6163
ITGBL1,6164
ITIH3,6168
ITK,6171
ITLN1,18259
ITM2A,6173
ITM2B,6174
ITM2C,6175
ITPA,6176
ITPK1,6177
ITPKA,6178
ITPKB,6179
ITPKC,14897
ITPR1,6180
ITPR2,6181
ITPR3,6182
ITPRID1,27363
ITPRID2,11319
ITPRIP,29370
ITPRIPL1,29371
ITSN1,6183
ITSN2,6184
IVD,6186
IVL,6187
IWS1,25467
IZUMO1,28539
JADE1,30027
JADE2,22984
JAG1,6188
JAG2,6189
JAK1,6190
JAK2,6192
JAK3,6193
JAKMIP1,26460
JAKMIP2,29067
JAM2,14686
JAM3,15532
JAML,19084
JARID2,6196
JAZF1,28917
JCAD,29283
JCHAIN,5713
JDP2,17546
JKAMP,20184
JMJD1C,12313
JMJD4,25724
JMJD6,19355
JMJD7_PLA2G4B,34449
JMY,28916
JPH2,14202
JPH3,14203
JPT1,14569
JPT2,14137
JPX,37191
JSRP1,24963
JUN,6204
JUNB,6205
JUND,6206
JUN_DT,49450
JUP,6207
KALRN,4814
KANK1,19309
KANK2,29300
KANSL1,24565
KANSL2,26024
KANSL3,25473
KARS1,6215
KARS1P1,39207
KASH5,26520
KAT14,15904
KAT2A,4201
KAT2B,8638
KAT5,5275
KAT6A,13013
KAT6B,17582
KAT7,17016
KAT8,17933
KATNA1,6216
KATNAL1,28361
KATNAL2,25387
KATNB1,6217
KATNBL1,26199
KATNIP,29068
KAZALD1,25460
KAZN,29173
KBTBD2,21751
KBTBD8,30691
KCMF1,20589
KCNA1,6218
KCNA2,6220
KCNA3,6221
KCNA4,6222
KCNA5,6224
KCNAB1,6228
KCNAB2,6229
KCNB1,6231
KCNB2,6232
KCNC3,6235
KCNC4,6236
KCND1,6237
KCND2,6238
KCND3,6239
KCNE1,6240
KCNE2,6242
KCNE3,6243
KCNE4,6244
KCNG1,6248
KCNG2,6249
KCNG4,19697
KCNH1,6250
KCNH2,6251
KCNH5,6254
KCNH7,18863
KCNH8,18864
KCNIP1,15521
KCNIP2,15522
KCNIP3,15523
KCNIP4,30083
KCNJ1,6255
KCNJ10,6256
KCNJ11,6257
KCNJ12,6258
KCNJ13,6259
KCNJ15,6261
KCNJ16,6262
KCNJ2,6263
KCNJ3,6264
KCNJ4,6265
KCNJ5,6266
KCNJ8,6269
KCNK1,6272
KCNK10,6273
KCNK18,19439
KCNK2,6277
KCNK3,6278
KCNK5,6280
KCNK9,6283
KCNMA1,6284
KCNMB2,6286
KCNN1,6290
KCNN2,6291
KCNN3,6292
KCNN4,6293
KCNQ1,6294
KCNQ1OT1,6295
KCNQ2,6296
KCNQ3,6297
KCNQ4,6298
KCNQ5,6299
KCNT1,18865
KCNT2,18866
KCNV2,19698
KCP,17585
KCTD1,18249
KCTD10,23236
KCTD12,14678
KCTD13,22234
KCTD14,23295
KCTD15,23297
KCTD17,25705
KCTD2,21294
KCTD20,21052
KCTD3,21305
KDELR1,6304
KDM1A,29079
KDM1B,21577
KDM2A,13606
KDM2B,13610
KDM3A,20815
KDM3B,1337
KDM4A,22978
KDM4B,29136
KDM4C,17071
KDM4D,25498
KDM4E,37098
KDM4F,52413
KDM5A,9886
KDM5B,18039
KDM5C,11114
KDM5D,11115
KDM6A,12637
KDM6B,29012
KDM7A,22224
KDM7A_DT,48959
KDM8,25840
KDR,6307
KDSR,4021
KEAP1,23177
KEL,6308
KHDC3L,33699
KHDRBS1,18116
KHDRBS2,18114
KHDRBS3,18117
KHK,6315
KHNYN,20166
KHSRP,6316
KIAA0040,28950
KIAA0232,28992
KIAA0319,21580
KIAA0319L,30071
KIAA0513,29058
KIAA0586,19960
KIAA0753,29110
KIAA0825,28532
KIAA0930,1314
KIAA1217,25428
KIAA1328,29248
KIAA1549,22219
KIAA1586,21360
KIAA1614,29327
KIAA1671,29345
KIAA1755,29372
KIDINS220,29508
KIF11,6388
KIF12,21495
KIF13A,14566
KIF13B,14405
KIF14,19181
KIF15,17273
KIF18A,29441
KIF18B,27102
KIF1A,888
KIF1B,16636
KIF1C,6317
KIF20A,9787
KIF20B,7212
KIF21A,19349
KIF21B,29442
KIF22,6391
KIF23,6392
KIF24,19916
KIF25,6390
KIF26A,20226
KIF26B,25484
KIF27,18632
KIF2A,6318
KIF2B,29443
KIF2C,6393
KIF3A,6319
KIF4A,13339
KIF5A,6323
KIF5B,6324
KIF5C,6325
KIF6,21202
KIF7,30497
KIFAP3,17060
KIFBP,23419
KIFC1,6389
KIFC3,6326
KIR2DL1,6329
KIR2DL2,6330
KIR2DL3,6331
KIR2DL4,6332
KIR2DL5A,16345
KIR2DS1,6333
KIR2DS2,6334
KIR2DS3,6335
KIR2DS4,6336
KIR2DS5,6337
KIR3DL1,6338
KIR3DL2,6339
KIR3DL3,16312
KIR3DS1,6340
KIRREL1,15734
KIRREL3,23204
KISS1,6341
KISS1R,4510
KIT,6342
KITLG,6343
KIZ,15865
KL,6344
KLB,15527
KLC1,6387
KLC2,20716
KLC3,20717
KLF1,6345
KLF10,11810
KLF11,11811
KLF12,6346
KLF13,13672
KLF14,23025
KLF15,14536
KLF16,16857
KLF17,18830
KLF2,6347
KLF3,16516
KLF4,6348
KLF5,6349
KLF6,2235
KLF7,6350
KLF8,6351
KLF9,1123
KLHDC2,20231
KLHDC4,25272
KLHDC7A,26791
KLHDC8A,25573
KLHDC9,28489
KLHL12,19360
KLHL13,22931
KLHL15,29347
KLHL17,24023
KLHL18,29120
KLHL2,6353
KLHL20,25056
KLHL21,29041
KLHL22,25888
KLHL23,27506
KLHL24,25947
KLHL25,25732
KLHL29,29404
KLHL3,6354
KLHL30,24770
KLHL32,21221
KLHL35,26597
KLHL42,29252
KLHL6,18653
KLHL7,15646
KLHL8,18644
KLHL9,18732
KLK1,6357
KLK10,6358
KLK2,6363
KLK3,6364
KLK4,6365
KLK5,6366
KLK6,6367
KLK7,6368
KLK8,6369
KLKB1,6371
KLRC1,6374
KLRC2,6375
KLRC3,6376
KLRC4,6377
KLRD1,6378
KLRG1,6380
KLRK1,18788
KMO,6381
KMT2A,7132
KMT2B,15840
KMT2C,13726
KMT2D,7133
KMT2E,18541
KMT5A,29489
KMT5B,24283
KMT5C,28405
KNDC1,29374
KNG1,6383
KNL1,24054
KNOP1P3,48921
KNSTRN,30767
KNTC1,17255
KPNA1,6394
KPNA2,6395
KPNA3,6396
KPNA4,6397
KPNA6,6399
KPNB1,6400
KRAS,6407
KRBA1,22228
KREMEN1,17550
KREMEN2,18797
KRIT1,1573
KRR1,5176
KRT1,6412
KRT12,6414
KRT13,6415
KRT14,6416
KRT15,6421
KRT16,6423
KRT17,6427
KRT18,6430
KRT18P3,16540
KRT18P59,48886
KRT19,6436
KRT19P2,33423
KRT19P3,33424
KRT20,20412
KRT27,30841
KRT37,6455
KRT5,6442
KRT7,6445
KRT75,24431
KRT78,28926
KRT8,6446
KRT80,27056
KRT8P11,31058
KRT8P14,33366
KRT8P30,33382
KRT8P35,39869
KRT8P42,39876
KRTAP5_9,23604
KRTDAP,16313
KSR1,6465
KSR2,18610
KTI12,25160
KTN1,6467
KTN1_AS1,19842
KYAT1,1564
KYAT3,33238
KYNU,6469
L1CAM,6470
L1TD1,25595
L2HGDH,20499
L3MBTL1,15905
L3MBTL2,18594
L3MBTL3,23035
LACTB,16468
LAD1,6472
LAG3,6476
LAIR1,6477
LAIR2,6478
LALBA,6480
LAMA1,6481
LAMA2,6482
LAMA3,6483
LAMA4,6484
LAMA5,6485
LAMB1,6486
LAMB2,6487
LAMB3,6490
LAMB4,6491
LAMC1,6492
LAMC2,6493
LAMC3,6494
LAMP1,6499
LAMP2,6501
LAMP5,16097
LAMTOR1,26068
LAMTOR2,29796
LAMTOR3,15606
LAMTOR4,33772
LAMTOR5,17955
LAP3,18449
LAPTM4B,13646
LAPTM5,29612
LARGE1,6511
LARP1,29531
LARP1BP2,44084
LARP4,24320
LARP4B,28987
LARP6,24012
LARP7,24912
LARS1,6512
LARS2,17095
LAS1L,25726
LASP1,6513
LAT,18874
LAT2,12749
LATS1,6514
LATS2,6515
LAX1,26005
LBH,29532
LBHD1,28351
LBP,6517
LBR,6518
LBX1,16960
LBX2_AS1,25136
LCA5,31923
LCAT,6522
LCE1E,29466
LCK,6524
LCLAT1,26756
LCMT1,17557
LCN2,6526
LCOR,29503
LCORL,30776
LCP1,6528
LCP2,6529
LCT,6530
LDB1,6532
LDB2,6533
LDHA,6535
LDHAL6A,28335
LDHAL6B,21481
LDHB,6541
LDHC,6544
LDHD,19708
LDLR,6547
LDLRAD1,32069
LDLRAD3,27046
LDLRAD4,1224
LDLRAP1,18640
LDOC1,6548
LECT2,6550
LEF1,6551
LEF1_AS1,40339
LEFTY1,6552
LEFTY2,3122
LEMD1,18725
LEMD2,21244
LENEP,14429
LENG1,15502
LEO1,30401
LEP,6553
LEPR,6554
LETM1,6556
LETMD1,24241
LETR1,49597
LFNG,6560
LGALS1,6561
LGALS3,6563
LGALS3BP,6564
LGALS7,6568
LGALS8,6569
LGALS9,6570
LGI1,6572
LGI3,18711
LGMN,9472
LGR4,13299
LGR5,4504
LGR6,19719
LHB,6584
LHCGR,6585
LHFPL2,6588
LHFPL4,29568
LHFPL5,21253
LHPP,30042
LHX1,6593
LHX2,6594
LHX3,6595
LHX4,21734
LHX5,14216
LHX6,21735
LHX8,28838
LHX9,14222
LIAS,16429
LIF,6596
LIFR,6597
LIG1,6598
LIG3,6600
LIG4,6601
LILRA2,6603
LILRB1,6605
LILRB4,6608
LIMA1,24636
LIMCH1,29191
LIMD1,6612
LIMD2,28142
LIME1,26016
LIMK1,6613
LIMK2,6614
LIMS1,6616
LIMS2,16084
LIMS3,30047
LIMS4,39941
LIN28A,15986
LIN28B,32207
LIN37,33234
LIN52,19856
LIN54,25397
LIN7A,17787
LIN7B,17788
LIN7C,17789
LIN9,30830
LINC00111,1262
LINC00237,38166
LINC00240,18772
LINC00243,30956
LINC00261,16189
LINC00265,28019
LINC00299,27940
LINC00313,16416
LINC00322,33698
LINC00324,26628
LINC00343,42500
LINC00358,42678
LINC00359,42679
LINC00368,42690
LINC00375,42699
LINC00376,42701
LINC00393,42721
LINC00395,42723
LINC00402,42732
LINC00424,42815
LINC00426,42761
LINC00430,42765
LINC00431,42766
LINC00448,42785
LINC00452,42800
LINC00458,42807
LINC00460,42809
LINC00467,28227
LINC00473,21160
LINC00486,42946
LINC00488,32675
LINC00489,43426
LINC00491,43428
LINC00494,27657
LINC00504,43555
LINC00511,43564
LINC00523,20117
LINC00534,43643
LINC00540,43673
LINC00543,43678
LINC00563,43707
LINC00566,43710
LINC00571,43721
LINC00578,43807
LINC00582,43842
LINC00592,27474
LINC00598,42770
LINC00607,43944
LINC00618,20110
LINC00632,27865
LINC00641,27511
LINC00649,44305
LINC00656,27304
LINC00665,44323
LINC00676,44394
LINC00677,20121
LINC00682,44466
LINC00689,27217
LINC00691,44514
LINC00698,27720
LINC00703,44677
LINC00824,50281
LINC00836,44915
LINC00844,45031
LINC00856,45111
LINC00858,27276
LINC00870,27319
LINC00871,47038
LINC00877,27706
LINC00880,27948
LINC00885,48571
LINC00887,48574
LINC00895,48580
LINC00917,48607
LINC00921,26830
LINC00922,27545
LINC00923,28088
LINC00927,27522
LINC00943,48639
LINC00958,48671
LINC00963,48716
LINC00973,48868
LINC00992,48943
LINC00996,27800
LINC01003,48957
LINC01012,48986
LINC01029,49015
LINC01033,49019
LINC01056,49050
LINC01069,49109
LINC01075,49118
LINC01088,49148
LINC01089,27886
LINC01091,27721
LINC01094,49219
LINC01096,27739
LINC01097,27738
LINC01116,49259
LINC01117,49260
LINC01121,49266
LINC01122,49267
LINC01132,49444
LINC01134,49449
LINC01143,49458
LINC01151,49471
LINC01163,49530
LINC01169,49541
LINC01173,49545
LINC01210,49642
LINC01214,49650
LINC01224,49676
LINC01228,49681
LINC01234,49757
LINC01258,49898
LINC01267,50320
LINC01269,50325
LINC01270,27658
LINC01271,50327
LINC01276,50333
LINC01277,50334
LINC01278,28090
LINC01287,50351
LINC01307,50494
LINC01315,50513
LINC01322,50528
LINC01344,50554
LINC01347,50566
LINC01348,50567
LINC01353,50580
LINC01354,50581
LINC01362,50596
LINC01375,50632
LINC01376,50637
LINC01377,50642
LINC01385,50657
LINC01391,50666
LINC01392,50668
LINC01398,50678
LINC01411,50703
LINC01412,50704
LINC01413,50705
LINC01422,50728
LINC01435,50753
LINC01448,50790
LINC01449,50791
LINC01470,51105
LINC01475,51113
LINC01476,51117
LINC01484,51136
LINC01485,51138
LINC01498,51164
LINC01503,51184
LINC01505,51186
LINC01515,51210
LINC01522,51224
LINC01526,51265
LINC01531,51270
LINC01535,51282
LINC01551,19828
LINC01556,21195
LINC01564,51361
LINC01567,51367
LINC01585,51432
LINC01586,51434
LINC01588,27503
LINC01606,51656
LINC01607,51660
LINC01619,27409
LINC01623,52050
LINC01625,52052
LINC01627,52258
LINC01629,52260
LINC01638,52425
LINC01641,52428
LINC01645,52432
LINC01661,52449
LINC01667,52455
LINC01685,52473
LINC01694,52481
LINC01695,52483
LINC01708,52496
LINC01713,52500
LINC01714,52501
LINC01724,52512
LINC01730,52518
LINC01732,52520
LINC01740,52528
LINC01754,52542
LINC01756,52545
LINC01767,52557
LINC01768,52558
LINC01778,52568
LINC01798,52588
LINC01800,52590
LINC01816,52621
LINC01841,52655
LINC01864,52683
LINC01871,52690
LINC01890,52709
LINC01897,52716
LINC01907,52726
LINC01920,52738
LINC01925,52745
LINC01933,52756
LINC01942,52766
LINC01947,52771
LINC01950,52773
LINC01962,52787
LINC01968,52794
LINC01970,52796
LINC01985,52816
LINC01987,52819
LINC01992,52824
LINC01993,52826
LINC02022,52857
LINC02026,52861
LINC02035,52875
LINC02038,52878
LINC02054,52894
LINC02055,52895
LINC02067,52913
LINC02068,52914
LINC02084,52934
LINC02086,52936
LINC02089,52940
LINC02104,52959
LINC02118,52974
LINC02130,52989
LINC02139,52999
LINC02147,53007
LINC02204,53070
LINC02205,53071
LINC02212,53079
LINC02323,53242
LINC02381,53304
LINC02476,53419
LINC02579,27942
LINC02580,53751
LINC02582,53792
LINC02603,37186
LINC02747,54266
LINC02860,22364
LINC02862,54419
LINC02868,32040
LINC02869,32045
LINC02873,26805
LINC02874,27473
LINC02875,32699
LINC02899,26630
LINC02901,21179
LINC02902,34432
LINC02985,56073
LINC03040,28692
LINC03053,56342
LINGO1,21205
LINGO2,21207
LINS1,30922
LIPA,6617
LIPC,6619
LIPE,6621
LIPF,6622
LIPG,6623
LIPH,18483
LIPT1,29569
LIPT2,37216
LITAF,16841
LITATS1,49453
LIX1L,28715
LLGL1,6628
LLGL2,6629
LMAN2,16986
LMAN2L,19263
LMBR1,13243
LMBR1L,18268
LMBRD2,25287
LMCD1,6633
LMF1,14154
LMLN,15991
LMNA,6636
LMNB1,6637
LMNB2,6638
LMO1,6641
LMO2,6642
LMO3,6643
LMO4,6644
LMO7,6646
LMO7DN,44370
LMOD1,6647
LMOD3,6649
LMTK2,17880
LMTK3,19295
LMX1A,6653
LMX1B,6654
LNCARSR,53864
LNCTSI,56660
LNPEP,6656
LNPK,21610
LNX1,6657
LNX2,20421
LONP1,9479
LONP2,20598
LONRF1,26302
LONRF2,24788
LONRF3,21152
LORICRIN,6663
LOX,6664
LOXHD1,26521
LOXL2,6666
LOXL4,17171
LPA,6667
LPAL2,21210
LPAR1,3166
LPAR2,3168
LPAR3,14298
LPAR4,4478
LPAR5,13307
LPAR6,15520
LPCAT1,25718
LPCAT2,26032
LPCAT3,30244
LPCAT4,30059
LPGAT1,28985
LPIN1,13345
LPIN2,14450
LPIN3,14451
LPL,6677
LPO,6678
LPP,6679
LPXN,14061
LRAT,6685
LRBA,1742
LRCH1,20309
LRCH4,6691
LRFN1,29290
LRFN2,21226
LRFN4,28456
LRFN5,20360
LRG1,29480
LRIF1,30299
LRIG1,17360
LRIG2,20889
LRMDA,23405
LRP1,6692
LRP11,16936
LRP1B,6693
LRP2,6694
LRP4,6696
LRP5,6697
LRP6,6698
LRP8,6700
LRPAP1,6701
LRPPRC,15714
LRR1,19742
LRRC1,14307
LRRC14,20419
LRRC28,28355
LRRC32,4161
LRRC36,25615
LRRC4,15586
LRRC41,16917
LRRC45,28302
LRRC49,25965
LRRC4B,25042
LRRC4C,29317
LRRC55,32324
LRRC59,28817
LRRC61,21704
LRRC66,34299
LRRC75A,32403
LRRC8A,19027
LRRC8B,30692
LRRC8D,16992
LRRFIP1,6702
LRRFIP2,6703
LRRK1,18608
LRRK2,18618
LRRTM4,19411
LRSAM1,25135
LRTOMT,25033
LSAMP,6705
LSM1,20472
LSM10,17562
LSM14A,24489
LSM2,13940
LSM3,17874
LSM4,17259
LSM5,17162
LSM6,17017
LSM7,20470
LSM8,20471
LSP1,6707
LSR,29572
LSS,6708
LTA,6709
LTA4H,6710
LTB,6711
LTB4R,6713
LTB4R2,19260
LTBP1,6714
LTBP2,6715
LTBP3,6716
LTBP4,6717
LTBR,6718
LTC4S,6719
LTF,6720
LTK,6721
LTN1,13082
LTO1,17589
LUADT1,51845
LUC7L,6723
LUC7L2,21608
LUC7L3,24309
LUCAT1,48498
LUM,6724
LUZP1,14985
LVRN,26904
LXN,13347
LY6G5C,13932
LY9,6730
LY96,17156
LYL1,6734
LYN,6735
LYPD6B,27018
LYPD8,44208
LYPLA1,6737
LYPLA1P2,44006
LYPLA2,6738
LYPLAL1,20440
LYRM1,25074
LYRM4,21365
LYRM9,27314
LYSETP1,52396
LYSMD1,32070
LYSMD2,28571
LYST,1968
LYZ,6740
LYZL1,30502
LZTFL1,6741
LZTR1,6742
LZTS1,13861
LZTS2,29381
LZTS3,30139
M6PR,6752
MACC1,30215
MACF1,13664
MACO1,25572
MACROD1,29598
MACROD2,16126
MACROH2A1,4740
MAD1L1,6762
MAD2L1,6763
MAD2L1BP,21059
MAD2L2,6764
MADCAM1,6765
MADD,6766
MAEA,13731
MAF,6776
MAF1,24966
MAFA,23145
MAFB,6408
MAFF,6780
MAFG,6781
MAFK,6782
MAFTRR,51525
MAG,6783
MAGEA11,6798
MAGEA12,6799
MAGEA2,6800
MAGEA2B,19340
MAGEA3,6801
MAGEA6,6804
MAGEA9,6807
MAGEB6,23796
MAGEC2,13574
MAGED1,6813
MAGEE1,24934
MAGEL2,6814
MAGI1,946
MAGI2,18957
MAGI3,29647
MAGOH,6815
MAGOHB,25504
MAGT1,28880
MAJIN,27441
MAK,6816
MAL,6817
MAL2,13634
MALAT1,29665
MALRD1,24331
MALT1,6819
MAMDC4,24083
MAML1,13632
MAML2,16259
MAML3,16272
MAMSTR,26689
MAN1A1,6821
MAN1A2,6822
MAN1B1,6823
MAN1C1,19080
MAN2A1,6824
MAN2A2,6825
MAN2B1,6826
MAN2B2,29623
MAN2C1,6827
MANBA,6831
MANF,15461
MANSC1,25505
MAOA,6833
MAOB,6834
MAP1A,6835
MAP1B,6836
MAP1LC3A,6838
MAP1LC3B,13352
MAP1LC3B2,34390
MAP1LC3C,13353
MAP1S,15715
MAP2,6839
MAP2K1,6840
MAP2K2,6842
MAP2K3,6843
MAP2K4,6844
MAP2K4P1,43837
MAP2K5,6845
MAP2K6,6846
MAP2K7,6847
MAP3K1,6848
MAP3K10,6849
MAP3K11,6850
MAP3K12,6851
MAP3K13,6852
MAP3K14,6853
MAP3K19,26249
MAP3K2,6854
MAP3K20,17797
MAP3K21,29798
MAP3K3,6855
MAP3K4,6856
MAP3K5,6857
MAP3K6,6858
MAP3K7,6859
MAP3K7CL,16457
MAP3K8,6860
MAP3K9,6861
MAP4,6862
MAP4K1,6863
MAP4K2,6864
MAP4K3,6865
MAP4K4,6866
MAP4K5,6867
MAP7,6869
MAP7D1,25514
MAP9,26118
MAPK1,6871
MAPK10,6872
MAPK11,6873
MAPK12,6874
MAPK13,6875
MAPK14,6876
MAPK15,24667
MAPK3,6877
MAPK4,6878
MAPK6,6879
MAPK7,6880
MAPK8,6881
MAPK8IP1,6882
MAPK8IP2,6883
MAPK8IP3,6884
MAPK9,6886
MAPKAP1,18752
MAPKAPK2,6887
MAPKAPK3,6888
MAPKAPK5,6889
MAPKAPK5P1,45246
MAPKBP1,29536
MAPRE1,6890
MAPRE2,6891
MAPRE3,6892
MAPT,6893
MARCHF1,26077
MARCHF10,26655
MARCHF11,33609
MARCHF2,28038
MARCHF3,28728
MARCHF4,29269
MARCHF5,26025
MARCHF6,30550
MARCHF7,17393
MARCHF8,23356
MARCHF9,25139
MARCKS,6759
MARCKSL1,7142
MARCO,6895
MARF1,29562
MARK1,6896
MARK2,3332
MARK2P15,45119
MARK3,6897
MARK4,13538
MARS1,6898
MARS2,25133
MAS1,6899
MASP1,6901
MASP2,6902
MAST1,19034
MAST2,19035
MAST3,19036
MAST4,19037
MASTL,19042
MAT1A,6903
MAT2A,6904
MAT2B,6905
MATCAP1,34408
MATCAP2,22206
MATK,6906
MATN1,6907
MATN2,6908
MATN3,6909
MATR3,6912
MAU2,29140
MAVS,29233
MAX,6913
MAZ,6914
MB,6915
MB21D2,30438
MBD1,6916
MBD2,6917
MBD3,6918
MBD4,6919
MBD5,20444
MBD6,20445
MBIP,20427
MBL2,6922
MBNL1,6923
MBNL2,16746
MBNL3,20564
MBOAT1,21579
MBOAT2,25193
MBOAT4,32311
MBOAT7,15505
MBP,6925
MBTD1,19866
MBTPS1,15456
MBTPS2,15455
MC1R,6929
MC2R,6930
MC3R,6931
MC4R,6932
MC5R,6933
MCAM,6934
MCAT,29622
MCC,6935
MCCC1,6936
MCCC2,6937
MCEE,16732
MCF2,6940
MCF2L,14576
MCF2L2,30319
MCFD2,18451
MCHR1,4479
MCHR2,20867
MCIDAS,40050
MCL1,6943
MCM10,18043
MCM2,6944
MCM3,6945
MCM3AP,6946
MCM3AP_AS1,16417
MCM4,6947
MCM5,6948
MCM6,6949
MCM7,6950
MCM8,16147
MCM9,21484
MCMBP,25782
MCMDC2,26368
MCOLN1,13356
MCOLN2,13357
MCOLN3,13358
MCPH1,6954
MCRIP1,28007
MCRIP2,14142
MCRIP2P2,49631
MCRS1,6960
MCTP1,26183
MCTP2,25636
MCTS1,23357
MCU,23526
MCUB,26076
MCUR1,21097
MDC1,21163
MDFI,6967
MDGA1,19267
MDGA2,19835
MDH1,6970
MDH1B,17836
MDH2,6971
MDK,6972
MDM1,29917
MDM2,6973
MDM4,6974
MDN1,18302
MDP1,28781
MDS2,29633
ME1,6983
ME2,6984
ME3,6985
MEAF6,25674
MECOM,3498
MECP2,6990
MECR,19691
MED1,9234
MED10,28760
MED11,32687
MED12,11957
MED12L,16050
MED13,22474
MED13L,22962
MED14,2370
MED15,14248
MED16,17556
MED17,2375
MED18,25944
MED19,29600
MED20,16840
MED21,11473
MED22,11477
MED23,2372
MED24,22963
MED25,28845
MED26,2376
MED27,2377
MED28,24628
MED29,23074
MED30,23032
MED31,24260
MED4,17903
MED6,19970
MED6P1,45164
MED7,2378
MED8,19971
MED9,25487
MEF2A,6993
MEF2B,6995
MEF2C,6996
MEF2D,6997
MEFV,6998
MEG3,14575
MEGF10,29634
MEGF11,29635
MEGF6,3232
MEGF8,3233
MEGF9,3234
MEIKIN,51253
MEIOB,28569
MEIS1,7000
MEIS2,7001
MELK,16870
MELTF,7037
MEMO1,14014
MEN1,7010
MEOX1,7013
MEOX2,7014
MEP1A,7015
MEP1B,7020
MEPCE,20247
MERTK,7027
MESP2,29659
MET,7029
METAP1D,32583
METRN,14151
METRNL,27584
METTL1,7030
METTL13,24248
METTL14,29330
METTL21A,30476
METTL21C,33717
METTL26,14141
METTL3,17563
METTL8,25856
MEX3A,33482
MEX3B,25297
MEX3C,28040
MEX3D,16734
MFAP1,7032
MFAP2,7033
MFAP3,7034
MFAP3L,29083
MFAP5,29673
MFF,24858
MFGE8,7036
MFHAS1,16982
MFN1,18262
MFN2,16877
MFNG,7038
MFSD11,25458
MFSD12,28299
MFSD3,25157
MFSD4BP1,50626
MFSD6,24711
MGA,14010
MGAM,7043
MGAT1,7044
MGAT2,7045
MGAT3,7046
MGAT4A,7047
MGAT4B,7048
MGAT4C,30871
MGAT4D,43619
MGAT5,7049
MGAT5B,24140
MGLL,17038
MGMT,7059
MGP,7060
MGRN1,20254
MGST1,7061
MGST2,7063
MGST3,7064
MIA,7076
MIA2,18432
MIA3,24008
MIAT,33425
MIATNB,50731
MIB1,21086
MIB2,30577
MICA,7090
MICAL1,20619
MICAL2,24693
MICAL3,24694
MICALL2,29672
MICB,7091
MICC,7092
MICOS13,33702
MICU1,1530
MICU2,31830
MICU3,27820
MID1,7095
MID1IP1,20715
MID2,7096
MIDEAS,19853
MIDN,16298
MIEF1,25979
MIEN1,28230
MIER1,29657
MIER2,29210
MIER3,26678
MIF,7097
MIF4GD,24030
MIGA2,23621
MIIP,25715
MINAR1,29172
MINDY1,25648
MINDY2,26954
MINK1,17565
MINPP1,7102
MIOS,21905
MIOX,14522
MIP,7103
MIPEP,7104
MIPEPP2,39457
MIPOL1,21460
MIR100,31487
MIR100HG,39522
MIR101_1,31488
MIR101_2,31489
MIR103A1,31490
MIR103A2,31491
MIR103B1,35384
MIR105_1,31492
MIR105_2,31493
MIR106A,31494
MIR106B,31495
MIR107,31496
MIR10A,31497
MIR10B,31498
MIR1178,35259
MIR1179,35260
MIR1180,35261
MIR1181,35262
MIR1182,35263
MIR1183,35264
MIR1184_1,35265
MIR1185_1,35257
MIR1185_2,35254
MIR1193,38247
MIR1200,35266
MIR1202,35268
MIR1203,35269
MIR1204,37059
MIR1205,35271
MIR1206,35272
MIR1207,35273
MIR1208,35274
MIR122,31501
MIR1224,33923
MIR1225,33931
MIR1226,33922
MIR1228,33928
MIR1234,33926
MIR1236,33925
MIR1238,33933
MIR1244_1,35310
MIR1245A,35311
MIR1246,35312
MIR1247,35313
MIR1248,35314
MIR1249,35315
MIR124_1,31502
MIR124_2,31503
MIR1250,35316
MIR1251,35317
MIR1252,35365
MIR1253,35318
MIR1255B2,35367
MIR1256,35321
MIR1257,35322
MIR1258,35323
MIR125A,31505
MIR125B1,31506
MIR125B2,31507
MIR126,31508
MIR1260A,35325
MIR1260B,38258
MIR1262,35328
MIR1265,35332
MIR1266,35334
MIR1269A,35337
MIR1269B,41787
MIR127,31509
MIR1270,35338
MIR1271,35252
MIR1272,35339
MIR1275,35346
MIR1281,35359
MIR1284,35362
MIR1285_1,35277
MIR1286,35279
MIR1288,35363
MIR1289_1,35281
MIR128_1,31510
MIR1290,35283
MIR1291,35284
MIR1292,35364
MIR1293,35286
MIR1296,35249
MIR1297,35289
MIR1298,35258
MIR1299,35290
MIR129_1,31512
MIR129_2,31513
MIR1301,35253
MIR1303,35301
MIR1305,35303
MIR1306,35371
MIR1307,35372
MIR130A,31514
MIR130B,31515
MIR132,31516
MIR1322,35374
MIR133A1,31517
MIR133A2,31518
MIR133B,31759
MIR134,31519
MIR1343,41902
MIR135A1,31520
MIR135A2,31521
MIR135B,31760
MIR136,31522
MIR137,31523
MIR137HG,42871
MIR138_2,31525
MIR139,31526
MIR140,31527
MIR141,31528
MIR142,31529
MIR143,31530
MIR144,31531
MIR145,31532
MIR1468,35250
MIR146A,31533
MIR146B,32079
MIR1470,35379
MIR1471,35380
MIR147A,31534
MIR147B,33655
MIR148A,31535
MIR148B,31761
MIR149,31536
MIR150,31537
MIR151A,31762
MIR152,31538
MIR153_1,31539
MIR153_2,31540
MIR154,31541
MIR155,31542
MIR15A,31543
MIR15B,31544
MIR16_1,31545
MIR16_2,31546
MIR17,31547
MIR17HG,23564
MIR181A1HG,48659
MIR181A2,31549
MIR181B1,31550
MIR181B2,31551
MIR181C,31552
MIR181D,32089
MIR182,31553
MIR1827,35391
MIR183,31554
MIR184,31555
MIR185,31556
MIR186,31557
MIR187,31558
MIR188,31559
MIR18A,31548
MIR18B,32025
MIR1908,35392
MIR190A,31560
MIR190B,33656
MIR191,31561
MIR1914,35398
MIR1915,35399
MIR192,31562
MIR193A,31563
MIR193B,32087
MIR194_1,31564
MIR194_2,31565
MIR195,31566
MIR196A1,31567
MIR196A2,31568
MIR196B,31790
MIR197,31569
MIR1972_1,37060
MIR198,31570
MIR199A1,31571
MIR199A2,31572
MIR199B,31573
MIR19A,31574
MIR19B1,31575
MIR1_1,31499
MIR1_2,31500
MIR200A,31578
MIR200B,31579
MIR200C,31580
MIR202,32080
MIR203A,31581
MIR204,31582
MIR205,31583
MIR206,31584
MIR208A,31585
MIR208B,33669
MIR20A,31577
MIR20B,32024
MIR21,31586
MIR210,31587
MIR210HG,39524
MIR211,31588
MIR212,31589
MIR214,31591
MIR215,31592
MIR216A,31593
MIR216B,33668
MIR217,31594
MIR218_2,31596
MIR219A1,31597
MIR219A2,31598
MIR22,31599
MIR221,31601
MIR222,31602
MIR223,31603
MIR224,31604
MIR2276,37313
MIR2278,37315
MIR22HG,28219
MIR2355,38328
MIR2392,41843
MIR23A,31605
MIR23B,31606
MIR2467,41881
MIR24_1,31607
MIR24_2,31608
MIR25,31609
MIR2682,41688
MIR26A1,31610
MIR26A2,31611
MIR26B,31612
MIR27A,31613
MIR27B,31614
MIR28,31615
MIR2861,38221
MIR2909,38372
MIR296,31617
MIR297,33691
MIR298,33634
MIR299,31618
MIR29A,31616
MIR29B1,31619
MIR29B2,31620
MIR29B2CHG,32018
MIR29C,31621
MIR300,33636
MIR301A,31622
MIR301B,33667
MIR302A,31623
MIR302B,31763
MIR302C,31764
MIR302D,31765
MIR302E,35348
MIR302F,35349
MIR3064,41652
MIR3074,38268
MIR30A,31624
MIR30B,31625
MIR30C1,31626
MIR30C2,31627
MIR30D,31628
MIR30E,31629
MIR31,31630
MIR3121,38259
MIR3126,38225
MIR3127,38269
MIR3128,38188
MIR3129,38217
MIR3130_2,38363
MIR3131,38347
MIR3133,38305
MIR3138,38341
MIR3142,38297
MIR3143,38284
MIR3148,38215
MIR3149,38251
MIR3150A,38362
MIR3156_2,38213
MIR3162,38271
MIR3163,38209
MIR3174,38264
MIR3175,38299
MIR3187,38319
MIR3188,38226
MIR3189,38307
MIR3190,38190
MIR3193,38204
MIR3194,38346
MIR3198_1,38236
MIR31HG,37187
MIR32,31631
MIR3200,38227
MIR320A,31632
MIR320B1,35247
MIR320C1,35248
MIR320D1,35386
MIR320E,38230
MIR323A,31766
MIR323B,38349
MIR324,31767
MIR325,31768
MIR326,31769
MIR328,31770
MIR329_1,32050
MIR329_2,32051
MIR330,31771
MIR331,31772
MIR335,31773
MIR337,31774
MIR338,31775
MIR339,31776
MIR33A,31634
MIR33B,32791
MIR340,31777
MIR342,31778
MIR345,31779
MIR346,31780
MIR34A,31635
MIR34AHG,51913
MIR34B,31636
MIR34C,31637
MIR361,31867
MIR3611,38914
MIR3612,38951
MIR3613,38964
MIR3614,38995
MIR3619,38998
MIR362,32022
MIR3622B,38961
MIR363,32023
MIR3648_1,38941
MIR3658,38963
MIR365A,33692
MIR365B,33693
MIR3662,38983
MIR3666,38940
MIR3667HG,28010
MIR3668,38982
MIR367,31781
MIR3679,38979
MIR3681HG,52001
MIR3682,38916
MIR369,31783
MIR3691,38909
MIR3692,38885
MIR370,31784
MIR371A,31785
MIR371B,41863
MIR372,31786
MIR373,31787
MIR374A,31788
MIR374B,33665
MIR375,31868
MIR376A1,31869
MIR376B,32066
MIR376C,31782
MIR377,31870
MIR378A,31871
MIR378B,38283
MIR378G,41785
MIR379,31872
MIR380,31873
MIR381,31874
MIR382,31875
MIR383,31876
MIR384,31878
MIR3918,38919
MIR3922,38895
MIR3925,38996
MIR3928,38933
MIR3934,38965
MIR3941,38949
MIR3960,41595
MIR3976,41578
MIR409,32055
MIR410,32065
MIR411,32792
MIR421,32793
MIR422A,31879
MIR423,31880
MIR424,31881
MIR425,31882
MIR4256,38388
MIR4260,38179
MIR4261,38272
MIR4262,38308
MIR4268,38352
MIR4269,38291
MIR4270,38377
MIR4286,38186
MIR4287,38208
MIR429,13784
MIR4296,38178
MIR4300HG,52003
MIR4301,38323
MIR4306,38350
MIR4309,38336
MIR431,32027
MIR4316,38306
MIR4317,38260
MIR432,32083
MIR4321,38244
MIR4328,38280
MIR433,32026
MIR4418,41789
MIR4425,41891
MIR4428,41667
MIR4429,41579
MIR4437,41715
MIR4438,41555
MIR4443,41830
MIR4448,41604
MIR4449,41864
MIR4454,41553
MIR4458,41674
MIR4462,41549
MIR4463,41665
MIR4465,41842
MIR4478,41759
MIR448,26069
MIR4488,41599
MIR4491,41808
MIR4496,41569
MIR4497,41737
MIR4498,41838
MIR449A,27645
MIR449B,32794
MIR449C,37302
MIR4500,41853
MIR450A1,28008
MIR450A2,32137
MIR450B,33642
MIR4512,41701
MIR4516,41617
MIR451A,32053
MIR451B,41655
MIR452,32054
MIR4521,41813
MIR4524B,43520
MIR4530,41764
MIR4537,41682
MIR454,33137
MIR455,32344
MIR4644,41687
MIR4645,41689
MIR4646,41543
MIR4648,41560
MIR4649,41852
MIR4651,41647
MIR4653,41562
MIR4659A,41857
MIR466,38359
MIR4660,41861
MIR4665,41696
MIR4667,41723
MIR4668,41545
MIR4669,41558
MIR4672,41662
MIR4674,41729
MIR4680,41541
MIR4693,41818
MIR4701,41627
MIR4714,41763
MIR4715,41666
MIR4720,41705
MIR4721,41609
MIR4722,41782
MIR4723,41660
MIR4728,41632
MIR4729,41585
MIR4731,41597
MIR4732,41639
MIR4738,41679
MIR4739,41801
MIR4756,41529
MIR4757,41746
MIR4766,41680
MIR4779,41747
MIR4781,41769
MIR4782,41635
MIR4784,41580
MIR4793,41538
MIR4796,41779
MIR483,32340
MIR484,32341
MIR485,32067
MIR486_1,32342
MIR487A,32343
MIR487B,32533
MIR488,32073
MIR489,32074
MIR490,32075
MIR491,32076
MIR492,32081
MIR493,32082
MIR494,32084
MIR495,32085
MIR496,32086
MIR497,32088
MIR498,32092
MIR499B,41640
MIR5008,43546
MIR500A,32134
MIR501,32135
MIR502,32136
MIR503,32138
MIR503HG,28258
MIR504,32139
MIR505,32140
MIR506,32143
MIR508,32145
MIR5089,43536
MIR5093,43474
MIR5094,43519
MIR509_1,32146
MIR509_3,33675
MIR510,32147
MIR5100,43540
MIR511,32077
MIR512_1,32090
MIR512_2,32091
MIR513A1,32141
MIR513A2,32142
MIR513B,33935
MIR513C,33934
MIR515_1,32094
MIR516A1,32130
MIR516A2,32131
MIR516B2,32117
MIR517A,32111
MIR517B,32115
MIR517C,32124
MIR5188,43502
MIR5189,43515
MIR518A1,32120
MIR518A2,32123
MIR518B,32106
MIR518C,32109
MIR518D,32121
MIR5191,43497
MIR5193,43534
MIR5194,43498
MIR5195,43526
MIR519A1,32128
MIR519B,32101
MIR519C,32098
MIR519D,32112
MIR519E,32095
MIR520A,32099
MIR520B,32105
MIR520C,32108
MIR520D,32114
MIR520E,32093
MIR520F,32096
MIR520G,32116
MIR520H,32125
MIR521_1,32126
MIR522,32127
MIR524,32110
MIR525,32102
MIR526B,32100
MIR527,32129
MIR532,32795
MIR539,32529
MIR541,33650
MIR542,32534
MIR543,33664
MIR544A,32530
MIR545,32531
MIR548A1,32796
MIR548AG1,41625
MIR548AJ1,41884
MIR548B,32799
MIR548BA,50260
MIR548C,32800
MIR548D1,32801
MIR548D2,32802
MIR548I1,35352
MIR548J,35276
MIR548M,35331
MIR548P,35351
MIR550A1,32804
MIR550A2,32805
MIR550A3,41870
MIR551A,32806
MIR551B,32807
MIR552,32808
MIR556,32812
MIR557,32813
MIR5571,43513
MIR5572,43476
MIR558,32814
MIR5582,43461
MIR5584,43507
MIR559,32815
MIR561,32817
MIR562,32818
MIR564,32820
MIR567,32823
MIR569,32825
MIR570,32826
MIR5703,43475
MIR572,32828
MIR573,32829
MIR574,32830
MIR575,32831
MIR576,32832
MIR577,32833
MIR578,32834
MIR5787,49930
MIR579,32835
MIR580,32836
MIR581,32837
MIR582,32838
MIR583,32839
MIR584,32840
MIR585,32841
MIR587,32843
MIR588,32844
MIR589,32845
MIR590,32846
MIR591,32847
MIR592,32848
MIR593,32849
MIR595,32851
MIR596,32852
MIR597,32853
MIR599,32855
MIR601,32857
MIR603,32859
MIR605,32861
MIR606,32862
MIR6068,50261
MIR607,32863
MIR608,32864
MIR6089,50179
MIR610,32866
MIR612,32868
MIR6127,50163
MIR613,32869
MIR615,32871
MIR616,32872
MIR6165,50197
MIR620,32876
MIR621,32877
MIR622,32878
MIR624,32880
MIR625,32881
MIR626,32882
MIR627,32883
MIR628,32884
MIR629,32885
MIR630,32886
MIR631,32887
MIR632,32888
MIR633,32889
MIR634,32890
MIR636,32892
MIR637,32893
MIR638,32894
MIR639,32895
MIR641,32897
MIR642A,32898
MIR643,32899
MIR644A,32900
MIR645,32901
MIR646,32902
MIR648,32904
MIR6499,49962
MIR650,32906
MIR6503,49968
MIR6507,50199
MIR6515,50227
MIR6516,50233
MIR652,32908
MIR653,32909
MIR654,32910
MIR655,32911
MIR657,32913
MIR658,32914
MIR659,32915
MIR660,32916
MIR661,32917
MIR662,32918
MIR663A,32919
MIR663B,35270
MIR664A,35370
MIR664B,43501
MIR665,33662
MIR668,33135
MIR671,33134
MIR6715B,50249
MIR6728,49961
MIR6731,50036
MIR6747,50027
MIR675,33351
MIR6766,49941
MIR6778,50183
MIR6779,50148
MIR6788,50078
MIR6794,50117
MIR6807,50191
MIR6811,49944
MIR6823,49952
MIR6838,50050
MIR6855,50061
MIR6862_1,50052
MIR6869,50056
MIR6870,50184
MIR6875,50015
MIR6881,50098
MIR6884,50091
MIR6887,50065
MIR6889,50014
MIR6891,50243
MIR6893,50130
MIR708,33654
MIR711,37316
MIR7113,49947
MIR7160,50028
MIR718,37317
MIR744,33658
MIR7515,49839
MIR758,33133
MIR760,33666
MIR761,37305
MIR762,37303
MIR765,33141
MIR766,33139
MIR767,33136
MIR769,33138
MIR770,33143
MIR7844,50044
MIR7854,50047
MIR7973_1,50040
MIR7978,50113
MIR7_1,31638
MIR7_2,31639
MIR802,33140
MIR8055,50241
MIR8485,50839
MIR873,33663
MIR874,33643
MIR875,33652
MIR876,33653
MIR877,33660
MIR885,33659
MIR887,33661
MIR888,33648
MIR889,33651
MIR891A,33635
MIR891B,33645
MIR892A,33639
MIR892B,33649
MIR921,33671
MIR922,33672
MIR92A1,31643
MIR92B,32920
MIR93,31645
MIR934,33677
MIR935,33678
MIR937,33680
MIR938,33681
MIR939,33682
MIR940,33683
MIR941_1,33684
MIR942,33688
MIR944,33690
MIR95,31647
MIR96,31648
MIR98,31649
MIR99A,31650
MIR99AHG,1274
MIR99B,31651
MIR9_1,31641
MIR9_1HG,30780
MIR9_2,31642
MIR9_2HG,42810
MIRLET7A1,31476
MIRLET7A2,31477
MIRLET7B,31479
MIRLET7BHG,37189
MIRLET7C,31480
MIRLET7D,31481
MIRLET7E,31482
MIRLET7F2,31484
MIRLET7G,31485
MIRLET7I,31486
MIS12,24967
MIS18A,1286
MIS18BP1,20190
MISP,27000
MITF,7105
MKI67,7107
MKKS,7108
MKLN1,7109
MKNK1,7110
MKNK2,7111
MKRN1,7112
MKRN2,7113
MKRN3,7114
MKRN4P,7115
MKS1,7121
MKX,23729
MLANA,7124
MLC1,17082
MLEC,28973
MLF1,7125
MLF2,7126
MLH1,7127
MLIP,21355
MLKL,26617
MLLT1,7134
MLLT10,16063
MLLT11,16997
MLLT3,7136
MLN,7141
MLNR,4495
MLPH,29643
MLST8,24825
MLX,11645
MLXIP,17055
MLXIPL,12744
MLYCD,7150
MMAA,18871
MMAB,19331
MMACHC,24525
MMD,7153
MME,7154
MMEL1,14668
MMP1,7155
MMP10,7156
MMP11,7157
MMP12,7158
MMP13,7159
MMP14,7160
MMP15,7161
MMP16,7162
MMP17,7163
MMP19,7165
MMP2,7166
MMP20,7167
MMP24,7172
MMP25,14246
MMP26,14249
MMP28,14366
MMP3,7173
MMP7,7174
MMP8,7175
MMP9,7176
MMRN1,7178
MMS19,13824
MMS22L,21475
MMUT,7526
MN1,7180
MNAT1,7181
MNDA,7183
MNT,7188
MNX1,4979
MOAP1,16658
MOB1A,16015
MOB1B,29801
MOB3A,29802
MOB3B,23825
MOB4,17261
MOCS1,7190
MOCS2,7193
MOG,7197
MOGAT1,18210
MOGAT2,23248
MOGAT3,23249
MOGS,24862
MON1B,25020
MORC2,23573
MORC3,23572
MORF4,15773
MORF4L1,16989
MORF4L1P1,20400
MORF4L2,16849
MORN3,29807
MOS,7199
MOV10,7200
MOV10L1,7201
MPC1,21606
MPC1L,44205
MPC2,24515
MPDU1,7207
MPEG1,29619
MPG,7211
MPHOSPH10,7213
MPHOSPH9,7215
MPI,7216
MPL,7217
MPLKIP,16002
MPO,7218
MPP1,7219
MPP2,7220
MPP7,26542
MPPE1,15988
MPPED2,1180
MPRIP,30321
MPST,7223
MPV17L2,28177
MPZ,7225
MPZL1,7226
MRAP,1304
MRAP2,21232
MRAS,7227
MRC2,16875
MRE11,7230
MREG,25478
MRGBP,15866
MRGPRD,29626
MRGPRF,24828
MRGPRX1,17962
MRGPRX2,17983
MRGPRX3,17980
MRI1,28469
MRNIP,30817
MROH1,26958
MROH5,42976
MROH8,16125
MRPL1,14275
MRPL10,14055
MRPL11,14042
MRPL12,10378
MRPL13,14278
MRPL14,14279
MRPL15,14054
MRPL16,14476
MRPL17,14053
MRPL18,14477
MRPL19,14052
MRPL2,14056
MRPL20,14478
MRPL21,14479
MRPL22,14480
MRPL22P1,29700
MRPL23,10322
MRPL24,14037
MRPL27,14483
MRPL28,14484
MRPL3,10379
MRPL30,14036
MRPL32,14035
MRPL33,14487
MRPL34,14488
MRPL35,14489
MRPL36,14490
MRPL37,14034
MRPL38,14033
MRPL39,14027
MRPL4,14276
MRPL40,14491
MRPL41,14492
MRPL42,14493
MRPL43,14517
MRPL44,16650
MRPL45,16651
MRPL46,1192
MRPL47,16652
MRPL48,16653
MRPL49,1176
MRPL50,16654
MRPL51,14044
MRPL52,16655
MRPL53,16684
MRPL54,16685
MRPL55,16686
MRPL57,14514
MRPL57P1,29686
MRPL58,5359
MRPL9,14277
MRPS10,14502
MRPS11,14050
MRPS12,10380
MRPS14,14049
MRPS15,14504
MRPS16,14048
MRPS17,14047
MRPS18A,14515
MRPS18B,14516
MRPS18C,16633
MRPS2,14495
MRPS21,14046
MRPS21P5,29752
MRPS22,14508
MRPS23,14509
MRPS24,14510
MRPS25,14511
MRPS26,14045
MRPS27,14512
MRPS28,14513
MRPS30,8769
MRPS31,16632
MRPS33,16634
MRPS33P4,29767
MRPS34,16618
MRPS35,16635
MRPS5,14498
MRPS6,14051
MRPS6P2,29781
MRPS7,14499
MRPS9,14501
MRTFA,14334
MRTFB,29819
MS4A2,7316
MSANTD2,26266
MSANTD3,23370
MSANTD4,29383
MSC,7321
MSH2,7325
MSH3,7326
MSH6,7329
MSI1,7330
MSI2,18585
MSL1,27905
MSL2,25544
MSL3,7370
MSLN,7371
MSMB,7372
MSMO1,10545
MSN,7373
MSR1,7376
MSRA,7377
MSRB1,14133
MST1,7380
MST1R,7381
MSTN,4223
MSX1,7391
MSX2,7392
MT1G,7399
MT1JP,7402
MT1X,7405
MT2A,7406
MT3,7408
MT4,18705
MTA1,7410
MTA2,7411
MTA3,23784
MTAP,7413
MTATP6P1,44575
MTBP,7417
MTCH2,17587
MTCL1,29121
MTCL2,16111
MTCO1P47,52112
MTCO3P2,39681
MTCP1,7423
MTCYBP38,52306
MTCYBP44,52312
MTDH,29608
MTDHP1,52357
MTERF1,21463
MTERF4,28785
MTF1,7428
MTF2,29535
MTFMT,29666
MTFP1,26945
MTFR1L,28836
MTFR2,21115
MTG1,32159
MTHFD1,7432
MTHFD1L,21055
MTHFD2,7434
MTHFD2L,31865
MTHFD2P1,48859
MTHFR,7436
MTHFS,7437
MTHFSD,25778
MTM1,7448
MTMR1,7449
MTMR11,24307
MTMR12,18191
MTMR14,26190
MTMR2,7450
MTMR3,7451
MTMR4,7452
MTMR6,7453
MTMR7,7454
MTMR8,16825
MTMR9,14596
MTND2P28,42129
MTNR1A,7463
MTNR1B,7464
MTO1,19261
MTOR,3942
MTPAP,25532
MTPN,15667
MTR,7468
MTRES1,17971
MTREX,18734
MTRF1,7469
MTRR,7473
MTSS1,20443
MTSS2,25094
MTTP,7467
MTURN,25457
MTUS1,29789
MTUS2,20595
MTX1,7504
MTX2,7506
MT_ATP6,7414
MT_ATP8,7415
MT_CO1,7419
MT_CO2,7421
MT_CO3,7422
MT_CYB,7427
MT_ND1,7455
MT_ND2,7456
MT_ND3,7458
MT_ND4,7459
MT_ND4L,7460
MT_ND5,7461
MT_ND6,7462
MT_TH,7487
MUC1,7508
MUC12,7510
MUC13,7511
MUC2,7512
MUC20,23282
MUC3A,7513
MUC4,7514
MUC5AC,7515
MUC6,7517
MUC8,7519
MUL1,25762
MUS81,29814
MUSK,7525
MUTYH,7527
MVB12A,25153
MVB12B,23368
MVD,7529
MVK,7530
MVP,7531
MX1,7532
MX2,7533
MXD1,6761
MXD3,14008
MXD4,13906
MXI1,7534
MXRA8,7542
MYADM,7544
MYB,7545
MYBBP1A,7546
MYBL1,7547
MYBL2,7548
MYBPC1,7549
MYBPC3,7551
MYC,7553
MYCBP,7554
MYCBP2,23386
MYCBPAP,19677
MYCL,7555
MYCN,7559
MYCT1,23172
MYD88,7562
MYEF2,17940
MYEOV,7563
MYF5,7565
MYF6,7566
MYH1,7567
MYH10,7568
MYH11,7569
MYH13,7571
MYH14,23212
MYH2,7572
MYH3,7573
MYH4,7574
MYH6,7576
MYH7,7577
MYH8,7578
MYH9,7579
MYL1,7582
MYL10,29825
MYL11,29824
MYL12A,16701
MYL12B,29827
MYL2,7583
MYL3,7584
MYL4,7585
MYL5,7586
MYL6,7587
MYL6B,29823
MYL6P1,7588
MYL7,21719
MYL9,15754
MYLIP,21155
MYLK,7590
MYLK2,16243
MYLK3,29826
MYLK4,27972
MYNN,14955
MYO10,7593
MYO15A,7594
MYO15B,14083
MYO16,29822
MYO18A,31104
MYO18B,18150
MYO19,26234
MYO1B,7596
MYO1C,7597
MYO1D,7598
MYO1E,7599
MYO1F,7600
MYO3A,7601
MYO5A,7602
MYO5B,7603
MYO5C,7604
MYO6,7605
MYO7A,7606
MYO9A,7608
MYO9B,7609
MYOC,7610
MYOCD,16067
MYOD1,7611
MYOF,3656
MYOG,7612
MYOM1,7613
MYOM2,7614
MYOM3,26679
MYORG,19918
MYPN,23246
MYRF,1181
MYRFL,26316
MYRF_AS1,24506
MYRIP,19156
MYT1,7622
MYT1L,7623
MZB1,30125
MZF1,13108
N4BP1,29850
N4BP3,29852
N6AMT1,16021
NAA10,18704
NAA11,28125
NAA15,30782
NAA16,26164
NAA20,15908
NAA25,25783
NAA30,19844
NAA35,24340
NAA38,28212
NAA40,25845
NAA50,29533
NAA60,25875
NAA80,30252
NAAA,736
NAALADL2,23219
NAB1,7626
NAB2,7627
NABP1,26232
NABP2,28412
NACA,7629
NACA2,23290
NACA4P,24688
NACC1,20967
NACC2,23846
NADK,29831
NADK2,26404
NADSYN1,29832
NAE1,621
NAGA,7631
NAGK,17174
NAGLU,7632
NAGPA,17378
NAGS,17996
NAIF1,25446
NAIP,7634
NALCN,19082
NALF1,33877
NALT1,51192
NAMPT,30092
NANOG,20857
NANOS1,23044
NANOS2,23292
NANOS3,22048
NANP,16140
NANS,19237
NAP1L1,7637
NAP1L4,7640
NAP1L4P1,39740
NAPA,7641
NAPEPLD,21683
NAPRT,30450
NARF,29916
NARS1,7643
NARS2,26274
NASP,7644
NAT1,7645
NAT10,29830
NAT14,28918
NAT16,22030
NAT2,7646
NAT8,18069
NAT8L,26742
NAT9,23133
NAV1,15989
NAV2,15997
NAV3,15998
NBAS,15625
NBEA,7648
NBEAL2,31928
NBN,7652
NBPF1,26088
NBPF15,28791
NBPF4,26550
NBR1,6746
NBR2,20691
NCALD,7655
NCAM1,7656
NCAM2,7657
NCAN,2465
NCAPD2,24305
NCAPD3,28952
NCAPG,24304
NCAPG2,21904
NCAPH,1112
NCAPH2,25071
NCBP1,7658
NCBP2,7659
NCBP3,24612
NCEH1,29260
NCF1,7660
NCF1C,32523
NCF2,7661
NCF4,7662
NCK1,7664
NCK2,7665
NCKAP1,7666
NCKAP1L,4862
NCKAP5L,29321
NCKIPSD,15486
NCL,7667
NCLN,26923
NCOA1,7668
NCOA2,7669
NCOA3,7670
NCOA4,7671
NCOA6,15936
NCOA7,21081
NCOR1,7672
NCOR2,7673
NCR2,6732
NCR3,19077
NCRUPAR,37153
NCS1,3953
NCSTN,17091
NDC1,25525
NDC80,16909
NDE1,17619
NDEL1,17620
NDFIP1,17592
NDFIP2,18537
NDN,7675
NDP,7678
NDRG1,7679
NDRG2,14460
NDRG4,14466
NDST1,7680
NDST2,7681
NDST3,7682
NDST4,20779
NDUFA1,7683
NDUFA10,7684
NDUFA11,20371
NDUFA12,23987
NDUFA13,17194
NDUFA2,7685
NDUFA3,7686
NDUFA4,7687
NDUFA4L2,29836
NDUFA5,7688
NDUFA6,7690
NDUFA7,7691
NDUFA8,7692
NDUFA9,7693
NDUFA9P1,19252
NDUFAB1,7694
NDUFAF2,28086
NDUFAF3,29918
NDUFAF6,28625
NDUFAF7,28816
NDUFAF8,33551
NDUFB1,7695
NDUFB10,7696
NDUFB11,20372
NDUFB2,7697
NDUFB3,7698
NDUFB4,7699
NDUFB4P2,45250
NDUFB5,7700
NDUFB6,7701
NDUFB7,7702
NDUFB8,7703
NDUFB9,7704
NDUFC1,7705
NDUFC2,7706
NDUFS1,7707
NDUFS2,7708
NDUFS3,7710
NDUFS4,7711
NDUFS5,7712
NDUFS6,7713
NDUFS7,7714
NDUFS8,7715
NDUFV1,7716
NDUFV2,7717
NDUFV3,7719
NEAT1,30815
NEB,7720
NEBL,16932
NECAB2,23746
NECAB3,15851
NECAP1,24539
NECTIN1,9706
NECTIN2,9707
NECTIN3,17664
NECTIN4,19688
NEDD1,7723
NEDD4,7727
NEDD4L,7728
NEDD8,7732
NEDD9,7733
NEFH,7737
NEFL,7739
NEFM,7734
NEGR1,17302
NEIL1,18448
NEIL2,18956
NEK1,7744
NEK10,18592
NEK11,18593
NEK2,7745
NEK3,7746
NEK4,11399
NEK5,7748
NEK6,7749
NEK7,13386
NEK8,13387
NEK9,18591
NELFA,12768
NELFB,24324
NELFCD,15934
NELFE,13974
NELL1,7750
NELL2,7751
NEMF,10663
NEMP1,29001
NEO1,7754
NES,7756
NET1,14592
NETO1,13823
NETO2,14644
NEU1,7758
NEU2,7759
NEU3,7760
NEU4,21328
NEURL1,7761
NEURL1B,35422
NEURL3,25162
NEURL4,34410
NEUROD1,7762
NEUROD2,7763
NEUROD4,13802
NEUROG1,7764
NEUROG2,13805
NEUROG3,13806
NF1,7765
NF2,7773
NFASC,29866
NFAT5,7774
NFATC1,7775
NFATC2,7776
NFATC2IP,25906
NFATC3,7777
NFATC4,7778
NFE2,7780
NFE2L1,7781
NFE2L2,7782
NFE2L3,7783
NFIA,7784
NFIB,7785
NFIC,7786
NFIL3,7787
NFIX,7788
NFKB1,7794
NFKB2,7795
NFKBIA,7797
NFKBIB,7798
NFKBIE,7799
NFKBIL1,7800
NFKBIZ,29805
NFRKB,7802
NFS1,15910
NFU1,16287
NFX1,7803
NFXL1,18726
NFYA,7804
NFYB,7805
NFYC,7806
NGB,14077
NGDN,20271
NGEF,7807
NGF,7808
NGFR,7809
NGLY1,17646
NHEG1,56731
NHEJ1,25737
NHERF1,11075
NHERF2,11076
NHERF4,19891
NHLH1,7817
NHLH2,7818
NHLRC1,21576
NHLRC4,26700
NHP2,14377
NHS,7820
NHSL1,21021
NHSL3,29301
NIBAN1,16784
NIBAN2,25282
NIBAN3,24130
NID1,7821
NID2,13389
NIFK,17838
NIHCOLE,53024
NIM1K,28646
NIN,14906
NINJ1,7824
NINJ2,7825
NINL,29163
NIP7P1,45180
NIPA2P5,42045
NIPAL2,25854
NIPAL4,28018
NIPBL,28862
NIPSNAP1,7827
NIPSNAP2,4179
NISCH,18006
NIT1,7828
NIT2,29878
NKAIN1,25743
NKAIN2,16443
NKAIN4,16191
NKAP,29873
NKAPD1,25569
NKD1,17045
NKD2,17046
NKIRAS1,17899
NKIRAS2,17898
NKRF,19374
NKTR,7833
NKX2_1,11825
NKX2_1_AS1,40585
NKX2_2,7835
NKX2_3,7836
NKX2_5,2488
NKX2_8,16364
NKX3_1,7838
NKX3_2,951
NKX6_1,7839
NKX6_3,26328
NLGN1,14291
NLGN2,14290
NLGN3,14289
NLGN4X,14287
NLGN4Y,15529
NLK,29858
NLN,16058
NLRC4,16412
NLRC5,29933
NLRP1,14374
NLRP12,22938
NLRP2,22948
NLRP3,16400
NLRP5,21269
NLRP6,22944
NLRX1,29890
NMB,7842
NMBR,7843
NMD3P2,37820
NME1,7849
NME2,7850
NME2P1,31358
NME3,7851
NME4,7852
NME5,7853
NME6,20567
NME7,20461
NMI,7854
NMNAT1,17877
NMNAT2,16789
NMNAT3,20989
NMRAL1,24987
NMRK1,26057
NMRK2,17871
NMS,32203
NMT1,7857
NMT2,7858
NMU,7859
NMUR1,4518
NMUR2,16454
NNAT,7860
NNMT,7861
NNT,7863
NNT_AS1,49005
NOB1,29540
NOC2L,24517
NOC3L,24034
NOC4L,28461
NOD1,16390
NOD2,5331
NODAL,7865
NOG,7866
NOL11,24557
NOL3,7869
NOL4,7870
NOL4L,16106
NOL6,19910
NOL7,21040
NOL8,23387
NOL9,26265
NOLC1,15608
NOM1,13244
NOMO1,30060
NONO,7871
NOP10,14378
NOP14,16821
NOP2,7867
NOP53,4333
NOP56,15911
NOP56P1,13962
NOP58,29926
NORAD,44311
NOS1,7872
NOS2,7873
NOS2P3,35124
NOS3,7876
NOSIP,17946
NOSTRIN,20203
NOTCH1,7881
NOTCH2,7882
NOTCH2NLA,31862
NOTCH2P1,44253
NOTCH3,7883
NOTCH4,7884
NOTUM,27106
NOVA1,7886
NOVA2,7887
NOX1,7889
NOX3,7890
NOX4,7891
NOX5,14874
NOXA1,10668
NOXO1,19404
NPAS1,7894
NPAS2,7895
NPAS3,19311
NPAS4,18983
NPAT,7896
NPB,30099
NPBWR1,4522
NPBWR2,4530
NPC1,7897
NPC1L1,7898
NPC2,14537
NPDC1,7899
NPEPL1,16244
NPEPPS,7900
NPFF,7901
NPFFR1,17425
NPFFR2,4525
NPHP1,7905
NPHS1,7908
NPHS2,13394
NPIPB2,37451
NPL,16781
NPLOC4,18261
NPM1,7910
NPM1P18,7920
NPM1P30,45209
NPM1P46,45225
NPM1P47,45226
NPM1P5,7925
NPM2,7930
NPNT,27405
NPPA,7939
NPPB,7940
NPPC,7941
NPR1,7943
NPR2,7944
NPR3,7945
NPRL2,24969
NPRL3,14124
NPS,33940
NPSR1,23631
NPTX1,7952
NPTX2,7953
NPVF,13782
NPW,30509
NPY,7955
NPY1R,7956
NPY2R,7957
NPY4R,9329
NPY5R,7958
NPY6R,7959
NQO1,2874
NQO2,7856
NR0B1,7960
NR0B2,7961
NR1D1,7962
NR1D2,7963
NR1H2,7965
NR1H3,7966
NR1H4,7967
NR1I2,7968
NR1I3,7969
NR2C1,7971
NR2C2,7972
NR2C2AP,30763
NR2E1,7973
NR2E3,7974
NR2F1,7975
NR2F1_AS1,48622
NR2F2,7976
NR2F6,7977
NR3C1,7978
NR3C2,7979
NR4A1,7980
NR4A2,7981
NR4A3,7982
NR5A1,7983
NR5A2,7984
NRAD1,26981
NRARP,33843
NRAS,7989
NRBF2,19692
NRBP1,7993
NRBP2,19339
NRCAM,7994
NRDC,7995
NRDE2,20186
NREP,16834
NRF1,7996
NRG1,7997
NRG2,7998
NRG3,7999
NRG4,29862
NRGN,8000
NRIP1,8001
NRIP2,23078
NRIR,51269
NRK,25391
NRL,8002
NRN1,17972
NRP1,8004
NRP2,8005
NRSN2,16229
NRTN,8007
NRXN1,8008
NRXN2,8009
NRXN3,8010
NSA2,30728
NSD1,14234
NSD2,12766
NSD3,12767
NSDHL,13398
NSF,8016
NSFL1C,15912
NSG1,18790
NSL1,24548
NSMAF,8017
NSMCE1,29897
NSMCE2,26513
NSMCE3,7677
NSMCE4A,25935
NSMF,29843
NSUN2,25994
NSUN4,31802
NSUN5,16385
NSUN6,23529
NSUN7,25857
NT5C,17144
NT5C1A,17819
NT5C1B,17818
NT5C2,8022
NT5C3A,17820
NT5C3B,28300
NT5DC3,30826
NT5E,8021
NT5M,15769
NTAN1,29909
NTAQ1,25490
NTF3,8023
NTF4,8024
NTHL1,8028
NTM,17941
NTMT1,23373
NTN1,8029
NTN3,8030
NTN4,13658
NTNG1,23319
NTNG2,14288
NTPCR,28204
NTRAS,52478
NTRK1,8031
NTRK2,8032
NTRK3,8033
NTS,8038
NTSR1,8039
NTSR2,8040
NUAK1,14311
NUAK2,29558
NUB1,17623
NUBP2,8042
NUCB1,8043
NUCB2,8044
NUCKS1,29923
NUDC,8045
NUDCD1,24306
NUDCD2,30535
NUDT1,8048
NUDT10,17621
NUDT11,18011
NUDT12,18826
NUDT14,20141
NUDT2,8049
NUDT21,13870
NUDT3,8050
NUDT4,8051
NUDT5,8052
NUDT6,8053
NUDT7,8054
NUDT8,8055
NUDT9,8056
NUF2,14621
NUGGC,33550
NUMA1,8059
NUMB,8060
NUMBL,8061
NUP107,29914
NUP133,18016
NUP153,8062
NUP155,8063
NUP160,18017
NUP188,17859
NUP205,18658
NUP210,30052
NUP210L,29915
NUP214,8064
NUP35,29797
NUP37,29929
NUP42,17010
NUP43,21182
NUP50,8065
NUP54,17359
NUP58,20261
NUP62,8066
NUP62CL,25960
NUP85,8734
NUP88,8067
NUP93,28958
NUP98,8068
NUPR1,29990
NUS1,21042
NUSAP1,18538
NUTF2,13722
NVL,8070
NXF1,8071
NXF3,8073
NXN,18008
NXPE4,23117
NXPH1,20693
NXPH3,8077
NXPH4,8078
NXT1,15913
NXT1P1,39708
NYNRIN,20165
OACYLP,44362
OARD1,21257
OAS1,8086
OAS2,8087
OAS3,8088
OASL,8090
OAT,8091
OAZ1,8095
OBI1,20308
OBSCN,15719
OBSL1,29092
OC90,8100
OCA2,8101
OCEL1,26221
OCLN,8104
OCRL,8108
ODAD1,26560
ODAD4,25280
ODC1,8109
ODCP,8110
ODF1,8113
ODF2,8114
ODR4,24299
OFCC1,21017
OFD1,2567
OGA,7056
OGDH,8124
OGDHL,25590
OGFOD1,25585
OGFOD2,25823
OGFOD3,26174
OGFR,15768
OGFRP1,50511
OGG1,8125
OGN,8126
OGT,8127
OIP5,20300
OLA1,28833
OLAH,25625
OLFM2,17189
OLFM3,17990
OLFM4,17190
OLFML2A,27270
OLIG2,9398
OLIG3,18003
OLMALINC,28060
OLR1,8133
OMA1,29661
OMD,8134
OMG,8135
ONECUT1,8138
ONECUT2,8139
OOSP1,49233
OPA1,8140
OPA3,8142
OPCML,8143
OPHN1,8148
OPLAH,8149
OPN1LW,9936
OPN1MW,4206
OPN1SW,1012
OPRD1,8153
OPRK1,8154
OPRL1,8155
OPRM1,8156
OPTN,17142
OR10A4,15130
OR10AA1P,14989
OR13G1,14999
OR1L4,8216
OR1L6,8218
OR2BH1P,31250
OR2K2,8264
OR3A5P,8286
OR4C4P,14700
OR52B2,15207
OR5AZ1P,15262
OR6B2,15041
OR6K1P,15028
OR6K2,15029
OR7A8P,8371
OR8F1P,14691
OR8G2P,8485
OR8S1,19628
OR9R1P,15340
ORAI1,25896
ORAI2,21667
ORC1,8487
ORC2,8488
ORC3,8489
ORC4,8490
ORC5,8491
ORC6,17151
ORM1,8498
ORM2,8499
ORMDL2,16037
ORMDL3,16038
OS9,16994
OSBP,8503
OSBP2,8504
OSBPL10,16395
OSBPL11,16397
OSBPL1A,16398
OSBPL2,15761
OSBPL3,16370
OSBPL5,16392
OSBPL6,16388
OSBPL8,16396
OSBPL9,16386
OSCAR,29960
OSCP1,29971
OSGIN1,30093
OSM,8506
OSMR,8507
OSR1,8111
OSR2,15830
OST4,32483
OSTC,24448
OSTCP1,30530
OSTF1,8510
OSTM1,21652
OTC,8512
OTOGL,26901
OTP,8518
OTUB1,23077
OTUB2,20351
OTUD3,29038
OTUD4,24949
OTUD5,25402
OTUD7A,20718
OTUD7B,16683
OTULIN,25118
OTULINL,25629
OTX1,8521
OTX2,8522
OVAAL,49422
OVCH1,23080
OVOL2,15804
OVOL3,14186
OXCT1,8527
OXCT2,18606
OXER1,24884
OXGR1,4531
OXR1,15822
OXSM,26063
OXSR1,8508
OXT,8528
OXTR,8529
P2RX1,8533
P2RX5,8536
P2RX6,8538
P2RX7,8537
P2RY1,8539
P2RY10,19906
P2RY11,8540
P2RY12,18124
P2RY13,4537
P2RY14,16442
P2RY2,8541
P2RY4,8542
P2RY6,8543
P2RY8,15524
P3H2,19317
P3H3,19318
P3H4,16946
P4HA1,8546
P4HA2,8547
P4HA3,30135
P4HB,8548
PA2G4,8550
PAAF1,25687
PABIR1,23490
PABIR2,30490
PABIR3,25202
PABPC1,8554
PABPC4,8557
PABPN1,8565
PACERR,50552
PACRG,19152
PACRGL,28442
PACS1,30032
PACS2,23794
PACSIN1,8570
PACSIN2,8571
PACSIN3,8572
PADI1,18367
PADI2,18341
PADI3,18337
PADI4,18368
PADI6,20449
PAEP,8573
PAF1,25459
PAFAH1B1,8574
PAFAH1B2,8575
PAFAH1B3,8576
PAFAH2,8579
PAG1,30043
PAGE4,4108
PAH,8582
PAICS,8587
PAIP1,16945
PAIP2,17970
PAIP2B,29200
PAK1,8590
PAK1IP1,20882
PAK2,8591
PAK3,8592
PAK4,16059
PAK5,15916
PAK6,16061
PALB2,26144
PALD1,23530
PALLD,17068
PALM,8594
PALM2AKAP2,33529
PALMD,15846
PALS1,18669
PALS2,18167
PAM,8596
PAM16,29679
PAN2,20074
PAN3,29991
PANCR,52282
PANK1,8598
PANK2,15894
PANK3,19365
PANK4,19366
PANX1,8599
PANX2,8600
PAOX,20837
PAPOLA,14981
PAPOLB,15970
PAPOLG,14982
PAPPA,8602
PAPPA2,14615
PAPSS1,8603
PAPSS2,8604
PAQR3,30130
PAQR5,29645
PAQR9,30131
PARD3,16051
PARD3B,14446
PARD6A,15943
PARD6B,16245
PARD6G,16076
PARG,8605
PARK7,16369
PARL,18253
PARN,8609
PARP1,270
PARP10,25895
PARP11,1186
PARP12,21919
PARP14,29232
PARP15,26876
PARP16,26040
PARP2,272
PARP3,273
PARP4,271
PARP6,26921
PARP8,26124
PARP9,24118
PARPBP,26074
PART1,17263
PARVA,14652
PARVB,14653
PARVG,14654
PASK,17270
PATJ,28881
PATL1,26721
PATZ1,13071
PAUPAR,49670
PAWR,8614
PAX1,8615
PAX2,8616
PAX3,8617
PAX5,8619
PAX6,8620
PAX7,8621
PAX8,8622
PAX9,8623
PAXBP1,13579
PAXIP1,8624
PBDC1,28790
PBK,18282
PBRM1,30064
PBX1,8632
PBX2,8633
PBX2P1,8635
PBX3,8634
PBX4,13403
PBXIP1,21199
PC,8636
PCAT1,43022
PCAT19,49593
PCAT29,50895
PCAT4,24853
PCBD1,8646
PCBD2,24474
PCBP1,8647
PCBP2,8648
PCBP3,8651
PCBP4,8652
PCCA,8653
PCCB,8654
PCDH1,8655
PCDH10,13404
PCDH15,14674
PCDH19,14270
PCDH7,8659
PCDH9,8661
PCDHA1,8663
PCDHA10,8664
PCDHA11,8665
PCDHA12,8666
PCDHA13,8667
PCDHA2,8668
PCDHA3,8669
PCDHA4,8670
PCDHA5,8671
PCDHA6,8672
PCDHA7,8673
PCDHA8,8674
PCDHA9,8675
PCDHAC1,8676
PCDHAC2,8677
PCDHB1,8680
PCDHB10,8681
PCDHB11,8682
PCDHB12,8683
PCDHB13,8684
PCDHB14,8685
PCDHB15,8686
PCDHB16,14546
PCDHB18P,14548
PCDHB2,8687
PCDHB3,8688
PCDHB4,8689
PCDHB5,8690
PCDHB6,8691
PCDHB7,8692
PCDHB8,8693
PCDHB9,8694
PCDHGA1,8696
PCDHGA10,8697
PCDHGA11,8698
PCDHGA12,8699
PCDHGA2,8700
PCDHGA3,8701
PCDHGA4,8702
PCDHGA5,8703
PCDHGA6,8704
PCDHGA7,8705
PCDHGA8,8706
PCDHGA9,8707
PCDHGB1,8708
PCDHGB2,8709
PCDHGB3,8710
PCDHGB4,8711
PCDHGB5,8712
PCDHGB6,8713
PCDHGB7,8714
PCDHGC3,8716
PCDHGC4,8717
PCDHGC5,8718
PCED1B,28255
PCF11,30097
PCGEM1,30145
PCGF1,17615
PCGF2,12929
PCGF3,10066
PCGF5,28264
PCGF6,21156
PCID2,25653
PCIF1,16200
PCK1,8724
PCK2,8725
PCLAF,28961
PCLO,13406
PCM1,8727
PCMT1,8728
PCNA,8729
PCNAP1,8732
PCNAP2,8733
PCNP,30023
PCNT,16068
PCNX1,19740
PCNX2,8736
PCOLCE,8738
PCOLCE2,8739
PCP2,30209
PCP4,8742
PCSK1,8743
PCSK1N,17301
PCSK2,8744
PCSK4,8746
PCSK5,8747
PCSK6,8569
PCSK7,8748
PCSK9,20001
PCTP,8752
PCYOX1,20588
PCYOX1L,28477
PCYT1A,8754
PCYT1B,8755
PCYT2,8756
PDAP1,14634
PDC,8759
PDCD1,8760
PDCD10,8761
PDCD11,13408
PDCD1LG2,18731
PDCD2,8762
PDCD4,8763
PDCD5,8764
PDCD6,8765
PDCD6IP,8766
PDCL,8770
PDCL3P5,44506
PDE10A,8772
PDE11A,8773
PDE1A,8774
PDE1B,8775
PDE1C,8776
PDE2A,8777
PDE3A,8778
PDE3B,8779
PDE4A,8780
PDE4B,8781
PDE4C,8782
PDE4D,8783
PDE4DIP,15580
PDE5A,8784
PDE6A,8785
PDE6B,8786
PDE6C,8787
PDE6D,8788
PDE6G,8789
PDE6H,8790
PDE7A,8791
PDE7B,8792
PDE8A,8793
PDE8B,8794
PDE9A,8795
PDF,30012
PDGFA,8799
PDGFA_DT,55865
PDGFB,8800
PDGFC,8801
PDGFD,30620
PDGFRA,8803
PDGFRB,8804
PDHA1,8806
PDHA2,8807
PDHB,8808
PDHX,21350
PDIA2,14180
PDIA3,4606
PDIA4,30167
PDIA5,24811
PDIA6,30168
PDIK1L,18981
PDK1,8809
PDK2,8810
PDK3,8811
PDK4,8812
PDLIM1,2067
PDLIM2,13992
PDLIM3,20767
PDLIM4,16501
PDLIM5,17468
PDLIM7,22958
PDP1,9279
PDP2,30263
PDPK1,8816
PDPK2P,49897
PDPN,29602
PDPR,30264
PDRG1,16119
PDS5A,29088
PDS5B,20418
PDSS1,17759
PDSS2,23041
PDX1,6107
PDXK,8819
PDXP,30259
PDYN,8820
PDZD11,28034
PDZD2,18486
PDZD4,21167
PDZD8,26974
PDZK1,8821
PDZK1IP1,16887
PDZRN3,17704
PDZRN4,30552
PEA15,8822
PEAK1,29431
PEAR1,33631
PEBP1,8630
PECAM1,8823
PECR,18281
PEDS1,16735
PEG10,14005
PEG3,8826
PELATON,50328
PELI1,8827
PELI2,8828
PELI3,30010
PELP1,30134
PEMT,8830
PENK,8831
PEPD,8840
PER1,8845
PER2,8846
PER3,8847
PERP,17637
PEX1,8850
PEX10,8851
PEX12,8854
PEX12P1,39678
PEX13,8855
PEX14,8856
PEX16,8857
PEX19,9713
PEX2,9717
PEX26,22965
PEX3,8858
PEX5,9719
PEX5L,30024
PEX6,8859
PEX7,8860
PF4,8861
PF4V1,8862
PFAS,8863
PFDN1,8866
PFDN2,8867
PFDN4,8868
PFDN5,8869
PFDN6,4926
PFKFB1,8872
PFKFB2,8873
PFKFB3,8874
PFKFB4,8875
PFKL,8876
PFKM,8877
PFKP,8878
PFN1,8881
PFN2,8882
PFN3,18627
PFN4,31103
PGAM1,8888
PGAM2,8889
PGAM4,21731
PGAM5,28763
PGAP1,25712
PGAP4,28180
PGBD5,19405
PGC,8890
PGD,8891
PGF,8893
PGGHG,26210
PGK1,8896
PGK2,8898
PGLS,8903
PGLYRP1,8904
PGLYRP2,30013
PGLYRP3,30014
PGLYRP4,30015
PGM1,8905
PGM2,8906
PGM2L1,20898
PGM3,8907
PGM5_AS1,44181
PGP,8909
PGPEP1,13568
PGR,8910
PGRMC1,16090
PGS1,30029
PHACTR1,20990
PHACTR2,20956
PHACTR2P1,49488
PHACTR3,15833
PHACTR4,25793
PHAX,10241
PHB1,8912
PHB1P17,51550
PHB2,30306
PHC1,3182
PHC2,3183
PHC3,15682
PHEX,8918
PHF1,8919
PHF10,18250
PHF12,20816
PHF13,22983
PHF14,22203
PHF19,24566
PHF2,8920
PHF20,16098
PHF21A,24156
PHF23,28428
PHF3,8921
PHF5A,18000
PHF6,18145
PHF7,18458
PHF8,20672
PHGDH,8923
PHIP,15673
PHKA1,8925
PHKA2,8926
PHKB,8927
PHKG1,8930
PHKG2,8931
PHLDA1,8933
PHLDA2,12385
PHLDB1,23697
PHLDB2,29573
PHLPP1,20610
PHLPP2,29149
PHOSPHO1,16815
PHOSPHO2,28316
PHOX2A,691
PHOX2B,9143
PHPT1,30033
PHRF1,24351
PHTF2,13411
PHYH,8940
PHYKPL,28249
PI3,8947
PI4K2A,30031
PI4K2B,18215
PI4KA,8983
PI4KB,8984
PIAS1,2752
PIAS2,17311
PIAS3,16861
PIAS4,17002
PICALM,15514
PICK1,9394
PICSAR,19725
PID1,26084
PIDD1,16491
PIEZO1,28993
PIEZO2,26270
PIF1,26220
PIGA,8957
PIGB,8959
PIGBOS1,50696
PIGC,8960
PIGF,8962
PIGG,25985
PIGH,8964
PIGK,8965
PIGL,8966
PIGM,18858
PIGN,8967
PIGO,23215
PIGP,3046
PIGPP4,45156
PIGQ,14135
PIGR,8968
PIGS,14937
PIGT,14938
PIGU,15791
PIGV,26031
PIGW,23213
PIGX,26046
PIGY,28213
PIGZ,30596
PIH1D1,26075
PIH1D2,25210
PIK3AP1,30034
PIK3C2A,8971
PIK3C2B,8972
PIK3C2G,8973
PIK3C3,8974
PIK3CA,8975
PIK3CB,8976
PIK3CD,8977
PIK3CG,8978
PIK3IP1,24942
PIK3R1,8979
PIK3R2,8980
PIK3R3,8981
PIK3R4,8982
PIK3R5,30035
PIK3R6,27101
PIKFYVE,23785
PILRA,20396
PIM1,8986
PIM2,8987
PIM3,19310
PIMREG,25483
PIN1,8988
PIN4,8992
PINK1,14581
PINK1_AS,38872
PINX1,30046
PIP4K2A,8997
PIP4K2B,8998
PIP4K2C,23786
PIP4P1,19299
PIP4P2,25452
PIP5K1A,8994
PIP5K1B,8995
PIP5K1C,8996
PIP5K1P1,28372
PIP5KL1,28711
PIPOX,17804
PIR,30048
PISD,8999
PITPNA,9001
PITPNC1,21045
PITPNM1,9003
PITPNM2,21044
PITPNM3,21043
PITRM1,17663
PITX1,9004
PITX1_AS1,48332
PITX2,9005
PITX3,9006
PIWIL1,9007
PIWIL2,17644
PJA1,16648
PJA2,17481
PKD1,9008
PKD1L1,18053
PKD1L2,21715
PKD2,9009
PKD2L1,9011
PKD2L2,9012
PKDCC,25123
PKHD1L1,20313
PKIA,9017
PKIB,9018
PKIG,9019
PKLR,9020
PKM,9021
PKMP1,44243
PKMYT1,29650
PKN1,9405
PKN2,9406
PKN3,17999
PKNOX1,9022
PKNOX2,16714
PKP1,9023
PKP2,9024
PKP3,9025
PKP4,9026
PLA1A,17661
PLA2G10,9029
PLA2G12A,18554
PLA2G12B,18555
PLA2G15,17163
PLA2G1B,9030
PLA2G2A,9031
PLA2G2C,9032
PLA2G2D,9033
PLA2G2E,13414
PLA2G2F,30040
PLA2G3,17934
PLA2G4A,9035
PLA2G4B,9036
PLA2G4C,9037
PLA2G4D,30038
PLA2G4E,24791
PLA2G4F,27396
PLA2G5,9038
PLA2G6,9039
PLA2G7,9040
PLAA,9043
PLAAT2,17824
PLAAT3,17825
PLAAT4,9869
PLAC1,9044
PLAC8,19254
PLAG1,9045
PLAGL1,9046
PLAGL2,9047
PLAT,9051
PLAU,9052
PLAUR,9053
PLB1,30041
PLBD1,26215
PLCB1,15917
PLCB2,9055
PLCB3,9056
PLCB4,9059
PLCD1,9060
PLCD3,9061
PLCD4,9062
PLCE1,17175
PLCG1,9065
PLCG2,9066
PLCH1,29185
PLCH2,29037
PLCL1,9063
PLCL2,9064
PLCXD2,26462
PLCXD3,31822
PLCZ1,19218
PLD1,9067
PLD2,9068
PLD3,17158
PLD6,30447
PLEC,9069
PLEK,9070
PLEK2,19238
PLEKHA2,14336
PLEKHA4,14339
PLEKHA5,30036
PLEKHA6,17053
PLEKHA7,27049
PLEKHB1,19079
PLEKHF1,20764
PLEKHF2,20757
PLEKHG1,20884
PLEKHG2,29515
PLEKHG3,20364
PLEKHG4,24501
PLEKHG4B,29399
PLEKHG5,29105
PLEKHG6,25562
PLEKHM1,29017
PLEKHM2,29131
PLEKHM3,34006
PLEKHO1,24310
PLEKHO2,30026
PLG,9071
PLIN1,9076
PLIN2,248
PLIN3,16893
PLIN4,29393
PLIN5,33196
PLK1,9077
PLK2,19699
PLK3,2154
PLK4,11397
PLLP,18553
PLN,9080
PLOD1,9081
PLOD2,9082
PLOD3,9083
PLP1,9086
PLP2,9087
PLPP1,9228
PLPP2,9230
PLPP3,9229
PLPP4,23531
PLPP5,25026
PLPP6,23682
PLPP7,28174
PLPPR1,25993
PLPPR2,29566
PLPPR3,23497
PLPPR4,23496
PLRG1,9089
PLS3,9091
PLSCR1,9092
PLSCR2,16494
PLSCR3,16495
PLTP,9093
PLVAP,13635
PLXDC1,20945
PLXDC2,21013
PLXNA1,9099
PLXNA2,9100
PLXNA3,9101
PLXNA4,9102
PLXNB1,9103
PLXNB2,9104
PLXNB3,9105
PLXNC1,9106
PLXND1,9107
PMAIP1,9108
PMCH,9109
PMEL,10880
PMEPA1,14107
PMF1,9112
PML,9113
PMM1,9114
PMM2,9115
PMP2,9117
PMP22,9118
PMPCA,18667
PMPCB,9119
PMS1,9121
PMS2,9122
PMVK,9141
PNCK,13415
PNKD,9153
PNKP,9154
PNLDC1,21185
PNLIP,9155
PNLIPRP1,9156
PNLIPRP2,9157
PNLIPRP3,23492
PNMA1,9158
PNMA2,9159
PNMT,9160
PNN,9162
PNOC,9163
PNP,7892
PNPLA1,21246
PNPLA2,30802
PNPLA3,18590
PNPLA4,24887
PNPLA6,16268
PNPLA7,24768
PNPLA8,28900
PNPO,30260
PNPT1,23166
PNRC1,17278
PNRC2,23158
PODXL,9171
PODXL2,17936
POFUT1,14988
POGK,18800
POGLUT1,22954
POGZ,18801
POLA1,9173
POLA2,30073
POLB,9174
POLD1,9175
POLD2,9176
POLD3,20932
POLD4,14106
POLDIP3,23782
POLE,9177
POLE2,9178
POLE3,13546
POLE4,18755
POLG,9179
POLG2,9180
POLH,9181
POLHP1,43967
POLI,9182
POLK,9183
POLL,9184
POLM,9185
POLN,18870
POLQ,9186
POLR1A,17264
POLR1B,20454
POLR1C,20194
POLR1D,20422
POLR1E,17631
POLR1F,18027
POLR1G,24219
POLR1H,13182
POLR2A,9187
POLR2B,9188
POLR2C,9189
POLR2D,9191
POLR2E,9192
POLR2F,9193
POLR2G,9194
POLR2H,9195
POLR2I,9196
POLR2J,9197
POLR2J2,23208
POLR2J3,33853
POLR2K,9198
POLR2L,9199
POLR2M,14862
POLR3A,30074
POLR3B,30348
POLR3C,30076
POLR3D,1080
POLR3E,30347
POLR3F,15763
POLR3G,30075
POLR3GL,28466
POLR3H,30349
POLR3K,14121
POLRMT,9200
POLRMTP1,28865
POM121,19702
POM121L2,13973
POMC,9201
POMGNT1,19139
POMP,20330
POMT1,9202
POMT2,19743
PON1,9204
PON2,9205
PON3,9206
POP1,30129
POP4,30081
POP7,19949
POPDC1,1152
POPDC2,17648
POPDC3,17649
POR,9208
PORCN,17652
POSTN,16953
POT1,17284
POU1F1,9210
POU2AF1,9211
POU2F1,9212
POU2F2,9213
POU2F3,19864
POU3F1,9214
POU3F2,9215
POU3F3,9216
POU3F4,9217
POU4F1,9218
POU4F2,9219
POU4F3,9220
POU5F1,9221
POU6F1,9224
POU6F2,21694
PPA1,9226
PPA2,28883
PPARA,9232
PPARD,9235
PPARG,9236
PPARGC1A,9237
PPARGC1B,30022
PPAT,9238
PPBP,9240
PPBPP1,9241
PPBPP2,16981
PPCDC,28107
PPCS,25686
PPDPFL,31745
PPEF1,9243
PPFIA1,9245
PPFIA2,9246
PPFIA3,9247
PPFIA4,9248
PPFIBP2,9250
PPHLN1,19369
PPIA,9253
PPIAL4A,24369
PPIAL4C,33995
PPIAL4E,33997
PPIAL4G,33996
PPIAP15,9268
PPIAP16,9269
PPIB,9255
PPIC,9256
PPID,9257
PPIE,9258
PPIF,9259
PPIG,14650
PPIH,14651
PPIL1,9260
PPIL2,9261
PPIL3,9262
PPIL4,15702
PPIP5K1,29023
PPIP5K2,29035
PPL,9273
PPM1A,9275
PPM1B,9276
PPM1D,9277
PPM1E,19322
PPM1F,19388
PPM1G,9278
PPM1H,18583
PPM1J,20785
PPM1K,25415
PPM1L,16381
PPM1M,26506
PPME1,30178
PPOX,9280
PPP1CA,9281
PPP1CB,9282
PPP1CC,9283
PPP1R10,9284
PPP1R12A,7618
PPP1R12B,7619
PPP1R12C,14947
PPP1R13B,14950
PPP1R13L,18838
PPP1R14A,14871
PPP1R14B,9057
PPP1R14C,14952
PPP1R15A,14375
PPP1R15B,14951
PPP1R16A,14941
PPP1R16B,15850
PPP1R17,16973
PPP1R18,29413
PPP1R1A,9286
PPP1R1B,9287
PPP1R1C,14940
PPP1R2,9288
PPP1R26,29089
PPP1R35,28320
PPP1R37,27607
PPP1R3A,9291
PPP1R3B,14942
PPP1R3C,9293
PPP1R3D,9294
PPP1R3E,14943
PPP1R3F,14944
PPP1R3G,14945
PPP1R7,9295
PPP1R8,9296
PPP1R9A,14946
PPP1R9B,9298
PPP2CA,9299
PPP2CB,9300
PPP2R1A,9302
PPP2R1B,9303
PPP2R2A,9304
PPP2R2B,9305
PPP2R2C,9306
PPP2R2D,23732
PPP2R3B,13417
PPP2R3C,17485
PPP2R5A,9309
PPP2R5B,9310
PPP2R5C,9311
PPP2R5D,9312
PPP2R5E,9313
PPP3CA,9314
PPP3CB,9315
PPP3CC,9316
PPP3R1,9317
PPP3R2,9318
PPP4C,9319
PPP4R1L,15755
PPP4R2,18296
PPP4R3A,20219
PPP5C,9322
PPP5D1P,44209
PPP6C,9323
PPP6R1,29195
PPP6R2,19253
PPP6R3,1173
PPRC1,30025
PPT1,9325
PPT2,9326
PPTC7,30695
PPWD1,28954
PPY,9327
PQBP1,9330
PRADC1,16047
PRAG1,25438
PRAM1,30091
PRAME,9336
PRAP1,23304
PRB3,9339
PRB4,9340
PRC1,9341
PRCC,9343
PRCP,9344
PRDM1,9346
PRDM10,13995
PRDM11,13996
PRDM12,13997
PRDM13,13998
PRDM14,14001
PRDM15,13999
PRDM16,14000
PRDM2,9347
PRDM4,9348
PRDM5,9349
PRDM6,9350
PRDM8,13993
PRDX1,9352
PRDX2,9353
PRDX3,9354
PRDX4,17169
PRDX5,9355
PRDX6,16753
PREB,9356
PRECSIT,27492
PREP,9358
PREPL,30228
PREX1,32594
PREX2,22950
PRF1,9360
PRG2,9362
PRG3,9363
PRG4,9364
PRH1,9366
PRICKLE1,17019
PRICKLE2,20340
PRICKLE3,6645
PRIM1,9369
PRIM2,9370
PRIMPOL,26575
PRKAA1,9376
PRKAA2,9377
PRKAB1,9378
PRKAB2,9379
PRKACA,9380
PRKACB,9381
PRKACG,9382
PRKAG1,9385
PRKAG2,9386
PRKAG3,9387
PRKAR1A,9388
PRKAR1B,9390
PRKAR2A,9391
PRKAR2B,9392
PRKCA,9393
PRKCB,9395
PRKCD,9399
PRKCE,9401
PRKCG,9402
PRKCH,9403
PRKCI,9404
PRKCQ,9410
PRKCSH,9411
PRKCZ,9412
PRKD1,9407
PRKD2,17293
PRKD3,9408
PRKDC,9413
PRKG1,9414
PRKG2,9416
PRKN,8607
PRKRA,9438
PRKX,9441
PRKY,9444
PRL,9445
PRLH,17945
PRLHR,4464
PRLR,9446
PRMT1,5187
PRMT2,5186
PRMT3,30163
PRMT5,10894
PRMT6,18241
PRMT7,25557
PRMT8,5188
PRND,15748
PRNP,9449
PRNT,18046
PROC,9451
PROCR,9452
PRODH,9453
PRODH2,17325
PROK1,18454
PROK2,18455
PROKR1,4524
PROKR2,15836
PROM1,9454
PROP1,9455
PROS1,9456
PROSER2,23728
PROSER3,25204
PROX1,9459
PROZ,9460
PRP4K,17346
PRPF19,17896
PRPF3,17348
PRPF31,15446
PRPF38A,25930
PRPF4,17349
PRPF40A,16463
PRPF40B,25031
PRPF6,15860
PRPF8,17340
PRPH,9461
PRPS1,9462
PRPS1L1,9463
PRPS2,9465
PRPSAP1,9466
PRR11,25619
PRR12,29217
PRR13,24528
PRR14,28458
PRR16,29654
PRR19,33728
PRR3,21149
PRR4,18020
PRR5,31682
PRR5L,25878
PRRC2A,13918
PRRC2B,28121
PRRC2C,24903
PRRG1,9469
PRRT2,30500
PRRX1,9142
PRRX2,21338
PRSS1,9475
PRSS16,9480
PRSS2,9483
PRSS21,9485
PRSS23,14370
PRSS3,9486
PRSS30P,28753
PRSS35,21387
PRSS50,17910
PRSS8,9491
PRTG,26373
PRTN3,9495
PRUNE1,13420
PRUNE2,25209
PRX,13797
PRXL2A,28651
PSAP,9498
PSAT1,19129
PSD,9507
PSD2,19092
PSD3,19093
PSD4,19096
PSEN1,9508
PSEN2,9509
PSENEN,30100
PSG1,9514
PSIP1,9527
PSMA1,9530
PSMA2,9531
PSMA3,9532
PSMA4,9533
PSMA5,9534
PSMA6,9535
PSMA7,9536
PSMA8,22985
PSMB1,9537
PSMB10,9538
PSMB11,31963
PSMB2,9539
PSMB3,9540
PSMB4,9541
PSMB5,9542
PSMB6,9543
PSMB7,9544
PSMB8,9545
PSMB9,9546
PSMC1,9547
PSMC2,9548
PSMC3,9549
PSMC4,9551
PSMC5,9552
PSMC6,9553
PSMD1,9554
PSMD10,9555
PSMD11,9556
PSMD12,9557
PSMD13,9558
PSMD14,16889
PSMD2,9559
PSMD3,9560
PSMD4,9561
PSMD5,9563
PSMD6,9564
PSMD7,9565
PSMD8,9566
PSMD9,9567
PSME1,9568
PSME2,9569
PSME2P2,30160
PSME2P6,30159
PSME3,9570
PSME4,20635
PSMF1,9571
PSMG1,3043
PSMG2,24929
PSMG4,21108
PSPC1,20320
PSPH,9577
PSPN,9579
PSRC1,24472
PSTPIP1,9580
PTAFR,9582
PTAR1,30449
PTBP1,9583
PTBP2,17662
PTBP3,10253
PTCD1,22198
PTCD3,24717
PTCH1,9585
PTCH2,9586
PTCHD1,26392
PTCRA,21290
PTDSS1,9587
PTDSS2,15463
PTEN,9588
PTENP1,9589
PTGDR,9591
PTGDR2,4502
PTGDS,9592
PTGER1,9593
PTGER2,9594
PTGER3,9595
PTGER4,9596
PTGES,9599
PTGES2,17822
PTGES3,16049
PTGFR,9600
PTGIR,9602
PTGIS,9603
PTGR1,18429
PTGR3,28697
PTGS1,9604
PTGS2,9605
PTH,9606
PTH1R,9608
PTH2,30828
PTH2R,9609
PTHLH,9607
PTK2,9611
PTK2B,9612
PTK6,9617
PTK7,9618
PTMA,9623
PTMS,9629
PTN,9630
PTOV1,9632
PTP4A1,9634
PTP4A2,9635
PTP4A3,9636
PTPA,9308
PTPMT1,26965
PTPN1,9642
PTPN11,9644
PTPN12,9645
PTPN13,9646
PTPN14,9647
PTPN18,9649
PTPN2,9650
PTPN21,9651
PTPN22,9652
PTPN23,14406
PTPN3,9655
PTPN4,9656
PTPN5,9657
PTPN6,9658
PTPN7,9659
PTPN9,9661
PTPRA,9664
PTPRB,9665
PTPRC,9666
PTPRCAP,9667
PTPRD,9668
PTPRE,9669
PTPRF,9670
PTPRG,9671
PTPRH,9672
PTPRJ,9673
PTPRK,9674
PTPRM,9675
PTPRN2,9677
PTPRO,9678
PTPRQ,9679
PTPRR,9680
PTPRS,9681
PTPRT,9682
PTPRU,9683
PTPRVP,13421
PTPRZ1,9685
PTRH1,27039
PTRH2,24265
PTRHD1,33782
PTS,9689
PTTG1,9690
PTTG1IP,13524
PTTG2,9691
PTX3,9692
PUDP,16818
PUF60,17042
PUM1,14957
PUM2,14958
PUM3,29676
PURA,9701
PURB,9702
PURG,17930
PURPL,48995
PUS1,15508
PUS10,26505
PVALB,9704
PVR,9705
PVT1,9709
PWAR1,30089
PWAR4,29998
PWP1,17015
PWP2,9711
PWWP2A,29406
PWWP2B,25150
PXDN,14966
PXK,23326
PXN,9718
PXN_AS1,44123
PXYLP1,26303
PYCARD,16608
PYCR1,9721
PYCR2,30262
PYCR3,25846
PYDC1,30261
PYGB,9723
PYGL,9725
PYGM,9726
PYGO1,30256
PYGO2,30257
PYHIN1,28894
PYM1,30258
PYROXD1,26162
PYROXD2,23517
PYURF,44317
PYY,9748
PYY2,9749
PZP,9750
QARS1,9751
QDPR,9752
QKI,21100
QNG1,28144
QPCT,9753
QPRT,9755
QRFP,29982
QRFPR,15565
QRICH1,24713
QRICH2,25326
QRSL1,21020
QSOX1,9756
QTRT1,23797
QTRT2,25771
R3HDM1,9757
R3HDM2,29167
R3HDM4,28270
RAB10,9759
RAB11A,9760
RAB11B,9761
RAB11FIP1,30265
RAB11FIP2,29152
RAB11FIP3,17224
RAB11FIP4,30267
RAB11FIP5,24845
RAB12,31332
RAB13,9762
RAB14,16524
RAB15,20150
RAB17,16523
RAB18,14244
RAB1A,9758
RAB1B,18370
RAB21,18263
RAB22A,9764
RAB23,14263
RAB25,18238
RAB26,14259
RAB27A,9766
RAB27B,9767
RAB29,9789
RAB2A,9763
RAB30,9770
RAB31,9771
RAB32,9772
RAB33A,9773
RAB33B,16075
RAB34,16519
RAB37,30268
RAB38,9776
RAB39A,16521
RAB39B,16499
RAB3A,9777
RAB3B,9778
RAB3C,30269
RAB3D,9779
RAB3GAP1,17063
RAB3GAP2,17168
RAB3IL1,9780
RAB3IP,16508
RAB40B,18284
RAB40C,18285
RAB4A,9781
RAB4B,9782
RAB5A,9783
RAB5B,9784
RAB5C,9785
RAB6A,9786
RAB6B,14902
RAB6C,16525
RAB7A,9788
RAB8A,7007
RAB8B,30273
RAB9A,9792
RABAC1,9794
RABEP1,17677
RABEP2,24817
RABEPK,16896
RABGAP1L,24663
RABGEF1,17676
RABGGTA,9795
RABGGTB,9796
RABIF,9797
RABL6,24703
RAC1,9801
RAC2,9802
RAC3,9803
RACGAP1,9804
RACK1,4399
RAD1,9806
RAD17,9807
RAD18,18278
RAD21,9811
RAD21L1,16271
RAD23A,9812
RAD23B,9813
RAD50,9816
RAD51,9817
RAD51AP1,16956
RAD51B,9822
RAD51C,9820
RAD51D,9823
RAD52,9824
RAD54L,9826
RAD54L2,29123
RAD9A,9827
RADIL,22226
RADX,25486
RAE1,9828
RAET1E,16793
RAET1G,16795
RAET1K,16797
RAET1L,16798
RAF1,9829
RAF1P1,9830
RAG1,9831
RAG2,9832
RAI1,9834
RAI14,14873
RALA,9839
RALB,9840
RALBP1,9841
RALGAPA1,17770
RALGAPA2,16207
RALGAPB,29221
RALGDS,9842
RALGPS1,16851
RALY,15921
RALYL,27036
RAMAC,31022
RAMP1,9843
RAMP2,9844
RAN,9846
RANBP1,9847
RANBP10,29285
RANBP17,14428
RANBP2,9848
RANBP3,9850
RANBP9,13727
RANGAP1,9854
RAP1A,9855
RAP1B,9857
RAP1BP2,49781
RAP1GAP,9858
RAP1GAP2,29176
RAP1GDS1,9859
RAP2A,9861
RAP2B,9862
RAP2C,21165
RAPGEF1,4568
RAPGEF2,16854
RAPGEF3,16629
RAPGEF4,16626
RAPGEF5,16862
RAPGEF6,20655
RAPH1,14436
RAPSN,9863
RARA,9864
RARB,9865
RARG,9866
RARRES1,9867
RARRES2,9868
RARS1,9870
RASA1,9871
RASA2,9872
RASA3,20331
RASA4,23181
RASAL1,9873
RASAL2,9874
RASAL3,26129
RASD1,15828
RASD2,18229
RASGEF1A,24246
RASGEF1B,24881
RASGEF1C,27400
RASGRF1,9875
RASGRF2,9876
RASGRP1,9878
RASGRP2,9879
RASGRP3,14545
RASGRP4,18958
RASL10A,16954
RASSF1,9882
RASSF10,33984
RASSF2,9883
RASSF3,14271
RASSF4,20793
RASSF5,17609
RASSF6,20796
RASSF8,13232
RASSF9,15739
RAVER1,30296
RAVER2,25577
RAX,18662
RB1,9884
RB1CC1,15574
RBAK,17680
RBAKDN,33770
RBBP4,9887
RBBP5,9888
RBBP6,9889
RBBP7,9890
RBBP8,9891
RBBP8NL,16144
RBBP9,9892
RBCK1,15864
RBFOX1,18222
RBFOX2,9906
RBFOX3,27097
RBKS,30325
RBL1,9893
RBL2,9894
RBM12,9898
RBM14,14219
RBM15,14959
RBM17,16944
RBM19,29098
RBM20,27424
RBM24,21539
RBM25,23244
RBM26,20327
RBM27,29243
RBM3,9900
RBM33,27223
RBM34,28965
RBM38,15818
RBM39,15923
RBM4,9901
RBM42,28117
RBM44,24756
RBM47,30358
RBM48P1,44054
RBM5,9902
RBM7,9904
RBM8A,9905
RBMS1,9907
RBMS3,13427
RBMX,9910
RBMX2,24282
RBMXL1,25073
RBMXP4,34028
RBP1,9919
RBP2,9920
RBP3,9921
RBP4,9922
RBPJ,5724
RBPJL,13761
RBPMS,19097
RBSN,20759
RBX1,9928
RC3H1,29434
RC3H2,21461
RCAN1,3040
RCAN3,3042
RCBTB1,18243
RCC1,1913
RCC2,30297
RCHY1,17479
RCL1,17687
RCN1,9934
RCOR1,17441
RCOR2,27455
RCOR3,25594
RCSD1,28310
RCVRN,9937
RDH10,19975
RDH11,17964
RDH12,19977
RDH13,19978
RDH14,19979
RDH16,29674
RDH5,9940
RDH8,14423
RDUR,27190
RDX,9944
REC114,25065
REC8,16879
RECK,11345
RECQL,9948
RECQL4,9949
RECQL5,9950
REEP1,25786
REEP5,30077
REG1A,9951
REG4,22977
REL,9954
RELA,9955
RELB,9956
RELL1,27379
RELL2,26902
RELN,9957
RELT,13764
REM1,15922
REN,9958
RENBP,9959
REPIN1,17922
REPS2,9963
RERE,9965
RERG,15980
RERGL,26213
RESF1,25559
REST,9966
RET,9967
RETN,20389
RETNLB,20388
RETREG1,25964
RETREG3,27258
REV1,14060
REV3L,9968
REX1BD,26098
RFC1,9969
RFC2,9970
RFC3,9971
RFC4,9972
RFC5,9973
RFFL,24821
RFK,30324
RFLNA,27051
RFLNB,28705
RFNG,9974
RFPL1,9977
RFPL2,9979
RFPL3,9980
RFPL4A,16449
RFPL4AL1,45147
RFPL4B,33264
RFTN1,30278
RFWD3,25539
RFX1,9982
RFX2,9983
RFX3,9984
RFX4,9985
RFX5,9986
RFX6,21478
RFXANK,9987
RFXAP,9988
RGCC,20369
RGL2,9769
RGMA,30308
RGMB,26896
RGN,9989
RGPD1,32414
RGR,9990
RGS1,9991
RGS10,9992
RGS11,9993
RGS12,9994
RGS13,9995
RGS14,9996
RGS16,9997
RGS17,14088
RGS18,14261
RGS19,13735
RGS2,9998
RGS20,14600
RGS3,9999
RGS4,10000
RGS5,10001
RGS6,10002
RGS7,10003
RGS9,10004
RGS9BP,30304
RHAG,10006
RHBDD1,23081
RHBDD2,23082
RHBDF1,20561
RHBDF2,20788
RHBG,14572
RHCE,10008
RHCG,18140
RHEB,10011
RHEX,25341
RHO,10012
RHOA,667
RHOB,668
RHOBTB1,18738
RHOBTB3,18757
RHOC,669
RHOD,670
RHOF,15703
RHOG,672
RHOH,686
RHOQ,17736
RHOT1,21168
RHOT2,21169
RHOU,17794
RHOV,18313
RHPN1,19973
RHPN2,19974
RIC1,17686
RIC8A,29550
RIC8B,25555
RICTOR,28611
RIDA,16897
RIF1,23207
RIGI,19102
RIIAD1,26686
RILPL1,26814
RILPL2,28787
RIMBP2,30339
RIMBP3,29344
RIMBP3B,33891
RIMBP3C,33892
RIMKLB,29228
RIMS1,17282
RIMS2,17283
RIMS3,21292
RIN1,18749
RIN2,18750
RIN3,18751
RING1,10018
RINT1,21876
RIOK1,18656
RIOK2,18999
RIOK3,11451
RIOX1,20968
RIOX2,19441
RIPK1,10019
RIPK2,10020
RIPK3,10021
RIPK4,496
RIPOR1,25836
RIPOR2,13872
RIPOR3,16168
RIT1,10023
RIT2,10017
RITA1,25925
RLBP1,10024
RLF,10025
RLIG1,25322
RLIM,13429
RLN1,10026
RLN2,10027
RLN3,17135
RMC1,24326
RMDN2,26567
RMDN3,25550
RMI1,25764
RMI2,28349
RMND5A,25850
RMND5B,26181
RMRP,10031
RN7SK,10037
RN7SKP164,45888
RN7SKP167,45891
RN7SKP174,45898
RN7SKP180,45904
RN7SKP191,45915
RN7SKP200,45924
RN7SKP210,45934
RN7SKP211,45935
RN7SKP226,45950
RN7SKP227,45951
RN7SKP241,45965
RN7SKP248,45972
RN7SKP249,45973
RN7SKP260,45984
RN7SKP276,46000
RN7SKP294,46018
RN7SKP44,45768
RN7SKP45,45769
RN7SKP50,45774
RN7SKP61,45785
RN7SKP64,45788
RN7SKP83,45807
RN7SKP89,45813
RN7SL116P,46132
RN7SL121P,46137
RN7SL124P,46140
RN7SL128P,46144
RN7SL149P,46165
RN7SL168P,46184
RN7SL193P,46209
RN7SL2,23134
RN7SL204P,46220
RN7SL251P,46267
RN7SL271P,46287
RN7SL284P,46300
RN7SL285P,46301
RN7SL329P,46345
RN7SL366P,46382
RN7SL371P,46387
RN7SL378P,46394
RN7SL397P,46413
RN7SL451P,46467
RN7SL455P,46471
RN7SL466P,46482
RN7SL47P,46063
RN7SL499P,46515
RN7SL542P,46558
RN7SL552P,46568
RN7SL568P,46584
RN7SL597P,46613
RN7SL601P,46617
RN7SL635P,46651
RN7SL636P,46652
RN7SL653P,46669
RN7SL654P,46670
RN7SL668P,46684
RN7SL66P,46082
RN7SL67P,46083
RN7SL706P,46722
RN7SL748P,46764
RN7SL79P,46095
RN7SL7P,10042
RN7SL802P,46818
RN7SL808P,46824
RN7SL824P,46840
RN7SL846P,46862
RN7SL862P,46878
RN7SL88P,46104
RNA5SP112,42910
RNA5SP117,42915
RNA5SP120,42918
RNA5SP134,43034
RNA5SP136,43036
RNA5SP161,43061
RNA5SP169,43069
RNA5SP179,43079
RNA5SP189,43089
RNA5SP201,43101
RNA5SP205,43105
RNA5SP234,43134
RNA5SP244,43144
RNA5SP245,43145
RNA5SP259,43159
RNA5SP269,43169
RNA5SP291,43191
RNA5SP292,43192
RNA5SP294,43194
RNA5SP298,43198
RNA5SP322,43222
RNA5SP326,43226
RNA5SP327,43227
RNA5SP404,43304
RNA5SP41,42817
RNA5SP42,42818
RNA5SP429,43329
RNA5SP43,42819
RNA5SP478,43378
RNA5SP493,43393
RNA5SP60,42837
RNA5SP66,42843
RNA5SP69,42846
RNA5SP75,42852
RNASE1,10044
RNASE2,10045
RNASE3,10046
RNASE4,10047
RNASEH2C,24116
RNASEK,33911
RNASEL,10050
RND1,18314
RND3,671
RNF10,10055
RNF103,12859
RNF10P1,44472
RNF11,10056
RNF111,17384
RNF112,12968
RNF113A,12974
RNF113B,17267
RNF114,13094
RNF115,18154
RNF121,21070
RNF122,21147
RNF123,21148
RNF125,21150
RNF126,21151
RNF128,21153
RNF13,10057
RNF130,18280
RNF133,21154
RNF135,21158
RNF138,17765
RNF139,17023
RNF14,10058
RNF141,21159
RNF144A,20457
RNF144B,21578
RNF145,20853
RNF146,21336
RNF148,22411
RNF149,23137
RNF150,23138
RNF151,23235
RNF152,26811
RNF157,29402
RNF166,28856
RNF167,24544
RNF168,26661
RNF169,26961
RNF17,10060
RNF170,25358
RNF175,27735
RNF180,27752
RNF181,28037
RNF182,28522
RNF183,28721
RNF185,26783
RNF186,25978
RNF187,27146
RNF19A,13432
RNF19B,26886
RNF2,10061
RNF20,10062
RNF207,32947
RNF208,25420
RNF212,27729
RNF212B,20438
RNF213,14539
RNF214,25335
RNF215,33434
RNF216,21698
RNF217,21487
RNF220,25552
RNF222,34517
RNF223,40020
RNF224,41912
RNF225,51249
RNF24,13779
RNF25,14662
RNF26,14646
RNF31,16031
RNF32,17118
RNF34,17297
RNF38,18052
RNF39,18064
RNF4,10067
RNF40,16867
RNF41,18401
RNF43,18505
RNF44,19180
RNF5,10068
RNF6,10069
RNF7,10070
RNF8,10071
RNFT1,30206
RNFT2,25905
RNGTT,10073
RNH1,10074
RNLS,25641
RNMT,10075
RNPEP,10078
RNPEPL1,10079
RNPS1,10080
RNPS1P1,39525
RNU11,10108
RNU12,19380
RNU1_24P,42504
RNU1_4,10128
RNU2_1,10142
RNU4ATAC,34016
RNU4ATAC17P,46903
RNU4ATAC3P,42575
RNU4ATAC7P,46893
RNU4ATAC8P,46894
RNU5A_1,10211
RNU5B_1,10212
RNU5D_1,10214
RNU5F_1,10216
RNU6ATAC,34017
RNU6ATAC20P,46919
RNU6ATAC4P,34094
RNU6_1,10227
RNU7_1,34033
RNY1,10242
RNY1P1,42478
RNY3,10243
RNY3P11,50887
RNY4,10244
RNY4P16,34066
RNY4P24,42474
RO60,11313
ROBO1,10249
ROBO2,10250
ROBO3,13433
ROBO4,17985
ROCK1,10251
ROCK2,10252
ROMO1,16185
ROR1,10256
ROR2,10257
RORA,10258
RORB,10259
RORC,10260
ROS1,10261
RP1,10263
RPA1,10289
RPA2,10290
RPA2P2,45117
RPA3,10291
RPA4,30305
RPAP1,24567
RPAP2,25791
RPAP3,26151
RPE,10293
RPE65,10294
RPEL1,45241
RPEP4,44523
RPF2P2,44015
RPGR,10295
RPGRIP1,13436
RPGRIP1L,29168
RPH3A,17056
RPH3AL,10296
RPIA,10297
RPL10,10298
RPL10A,10299
RPL10AP6,36504
RPL10L,17976
RPL10P17,52348
RPL10P2,13975
RPL10P7,35974
RPL10P9,35579
RPL11,10301
RPL12,10302
RPL12P31,37025
RPL12P33,35696
RPL12P49,51941
RPL13,10303
RPL13A,10304
RPL13AP20,35709
RPL13AP5,23736
RPL14,10305
RPL15,10306
RPL17,10307
RPL17P25,36844
RPL17P43,35996
RPL18,10310
RPL18A,10311
RPL18AP2,23774
RPL19,10312
RPL19P11,36953
RPL19P14,35684
RPL19P16,36596
RPL21,10313
RPL21P123,35691
RPL21P133,36003
RPL21P89,36474
RPL21P93,35646
RPL22,10315
RPL22L1,27610
RPL22P19,36567
RPL23,10316
RPL23A,10317
RPL23AP28,36727
RPL23AP65,36289
RPL23AP93,51628
RPL24,10325
RPL26,10327
RPL26L1,17050
RPL26P9,36180
RPL27,10328
RPL27A,10329
RPL28,10330
RPL29,10331
RPL29P19,35508
RPL3,10332
RPL30,10333
RPL31,10334
RPL31P20,36303
RPL31P57,35703
RPL31P9,31893
RPL32,10336
RPL32P3,27024
RPL34,10340
RPL35,10344
RPL35A,10345
RPL35P3,35488
RPL36,13631
RPL36A,10359
RPL36AL,10346
RPL36AP29,36897
RPL37,10347
RPL37A,10348
RPL38,10349
RPL39,10350
RPL39L,17094
RPL39P31,36488
RPL39P34,36528
RPL39P38,36935
RPL3L,10351
RPL3P3,23550
RPL4,10353
RPL41,10354
RPL5,10360
RPL5P13,37023
RPL5P21,37029
RPL6,10362
RPL7,10363
RPL7A,10364
RPL7AP11,35242
RPL7AP12,16562
RPL7AP2,23552
RPL7P41,36297
RPL7P8,35914
RPL8,10368
RPL9,10369
RPLP0,10371
RPLP0P2,17960
RPLP1,10372
RPLP1P10,35509
RPLP2,10377
RPN1,10381
RPN2,10382
RPP14,30327
RPP30,17688
RPPH1,19273
RPRD1B,16209
RPRD2,29039
RPRM,24201
RPS10,10383
RPS10P7,36423
RPS11,10384
RPS12,10385
RPS12P18,36421
RPS12P31,35578
RPS13,10386
RPS14,10387
RPS15,10388
RPS15A,10389
RPS15AP38,36523
RPS16,10396
RPS16P5,36183
RPS17,10397
RPS17P2,10398
RPS18,10401
RPS18P13,36901
RPS19,10402
RPS19BP1,28749
RPS2,10404
RPS20,10405
RPS20P14,36692
RPS21,10409
RPS23,10410
RPS23P8,35982
RPS24,10411
RPS25,10413
RPS26,10414
RPS26P13,35784
RPS26P30,35574
RPS26P55,36500
RPS27,10416
RPS27A,10417
RPS27AP12,35732
RPS27AP7,35735
RPS27L,18476
RPS27P18,36296
RPS28,10418
RPS28P7,35787
RPS29,10419
RPS2P24,35887
RPS2P46,35839
RPS3,10420
RPS3A,10421
RPS3AP9,36150
RPS4X,10424
RPS4XP19,36872
RPS4Y1,10425
RPS4Y2,18501
RPS5,10426
RPS6,10429
RPS6KA1,10430
RPS6KA2,10431
RPS6KA3,10432
RPS6KA4,10433
RPS6KA5,10434
RPS6KA6,10435
RPS6KB1,10436
RPS6KB2,10437
RPS6KC1,10439
RPS6KL1,20222
RPS6P15,36942
RPS6P4,36548
RPS7,10440
RPS7P3,36518
RPS7P5,37037
RPS8,10441
RPS9,10442
RPSA,6502
RPSAP10,31460
RPSAP2,18771
RPSAP44,36891
RPSAP71,51924
RPTOR,30287
RPUSD4,25898
RRAD,10446
RRAGA,16963
RRAGB,19901
RRAGC,19902
RRAGD,19903
RRAS,10447
RRAS2,17271
RRBP1,10448
RREB1,10449
RRM1,10451
RRM2,10452
RRM2B,17296
RRN3,30346
RRP1B,23818
RSAD1,25634
RSAD2,30908
RSBN1,25642
RSBN1L,24765
RSF1,18118
RSKR,26314
RSL1D1,24534
RSL24D1P1,13979
RSPH14,13437
RSPH3,21054
RSPO1,21679
RSPO2,28583
RSPO3,20866
RSPRY1,29420
RSRC1,24152
RSRC2,30559
RSRP1,25234
RSU1,10464
RTBDN,30310
RTCA,17981
RTEL1,15888
RTF1,28996
RTKN,10466
RTN1,10467
RTN2,10468
RTN3,10469
RTN4,14085
RTN4R,18601
RTP3,15572
RTTN,18654
RUBCN,28991
RUBCNL,20420
RUFY1,19760
RUFY3,30285
RUNX1,10471
RUNX1T1,1535
RUNX2,10472
RUNX3,10473
RUSC1,17153
RUVBL1,10474
RUVBL2,10475
RWDD2A,21385
RWDD3,21393
RXFP1,19718
RXFP2,17318
RXFP3,24883
RXFP4,14666
RXRA,10477
RXRB,10478
RXRG,10479
RYBP,10480
RYK,10481
RYR1,10483
RYR2,10484
RYR3,10485
S100A1,10486
S100A10,10487
S100A11,10488
S100A12,10489
S100A13,10490
S100A16,20441
S100A2,10492
S100A4,10494
S100A6,10496
S100A7,10497
S100A7L2,21655
S100A8,10498
S100A9,10499
S100B,10500
S100P,10504
S100PBP,25768
S100Z,30367
S1PR1,3165
S1PR2,3169
S1PR3,3167
S1PR4,3170
S1PR5,14299
SAA1,10513
SAA2,10514
SAC3D1,30179
SACM1L,17059
SAE1,30660
SAFB,10520
SAFB2,21605
SAG,10521
SALL1,10524
SALL3,10527
SALL4,15924
SAMD11,28706
SAMD12,31750
SAMD4A,23023
SAMD5,21180
SAMD8,26320
SAMD9,1348
SAMD9L,1349
SAMHD1,15925
SAMM50,24276
SAMSN1,10528
SAP130,29813
SAP18,10530
SAP30,10532
SAP30BP,30785
SAPCD1,13938
SAPCD2,28055
SAR1A,10534
SAR1AP2,20770
SAR1B,10535
SARDH,10536
SARM1,17074
SARNP,24432
SARS1,10537
SARS2,17697
SART1,10538
SART3,16860
SASH1,19182
SASH3,15975
SASS6,25403
SAT1,10540
SAT2,23160
SATB1,10541
SATB2,21637
SATL1,27992
SAV1,17795
SAYSD1,21025
SBDS,19440
SBF1,10542
SBF2,2135
SBK1,17699
SBNO2,29158
SBSPON,30362
SC5D,10547
SCAF1,30403
SCAF11,10784
SCAF8,20959
SCAI,26709
SCAMP1,10563
SCAMP2,10564
SCAMP3,10565
SCAMP4,30385
SCAMP5,30386
SCAND1,10566
SCAND3,13851
SCAP,30634
SCAPER,13081
SCARB1,1664
SCARB2,1665
SCARF1,16820
SCARF2,19869
SCAT1,52930
SCCPDH,24275
SCD,10571
SCD5,21088
SCEL,10573
SCG2,10575
SCGB1A1,12523
SCGB1D1,18395
SCGB1D2,18396
SCGB1D5P,42735
SCGB2A1,7051
SCGB3A2,18391
SCHIP1,15678
SCHLAP1,48603
SCIN,21695
SCLY,18161
SCMH1,19003
SCML4,21397
SCN10A,10582
SCN11A,10583
SCN1A,10585
SCN1B,10586
SCN2A,10588
SCN3A,10590
SCN3B,20665
SCN4A,10591
SCN4B,10592
SCN5A,10593
SCN7A,10594
SCN8A,10596
SCN9A,10597
SCNM1,23136
SCNN1A,10599
SCNN1B,10600
SCNN1D,10601
SCNN1G,10602
SCO2,10604
SCP2,10606
SCRIB,30377
SCRT1,15950
SCT,10607
SCTR,10608
SCUBE1,13441
SCUBE2,30425
SCX,32322
SCYL1,14372
SCYL2,19286
SCYL3,19285
SDAD1P2,31404
SDC1,10658
SDC2,10659
SDC3,10660
SDC4,10661
SDCBP,10662
SDCBP2,15756
SDCCAG8,10671
SDE2,26643
SDF2,10675
SDF2L1,10676
SDF4,24188
SDHA,10680
SDHAF2,26034
SDHB,10681
SDHC,10682
SDHD,10683
SDK1,19307
SDK2,19308
SDR16C5,30311
SDR39U1,20275
SDR42E1,29834
SDR42E2,35414
SDR9C7,29958
SDS,10691
SDSL,30404
SEC11A,17718
SEC11C,23400
SEC13,10697
SEC14L1,10698
SEC14L2,10699
SEC14L4,20627
SEC16A,29006
SEC16B,30301
SEC22B,10700
SEC22C,16828
SEC23A,10701
SEC23B,10702
SEC23IP,17018
SEC24A,10703
SEC24B,10704
SEC24C,10705
SEC24D,10706
SEC31A,17052
SEC31B,23197
SEC61A1,18276
SEC61A2,17702
SEC61B,16993
SEC61G,18277
SEC62,11846
SEC63,21082
SEC63P1,41953
SECISBP2,30972
SECISBP2L,28997
SECTM1,10707
SEH1L,30379
SEL1L,10717
SEL1L3,29108
SELE,10718
SELENOF,17705
SELENOI,29361
SELENON,15999
SELENOP,10751
SELENOS,30396
SELL,10720
SELP,10721
SELPLG,10722
SEM1,10845
SEMA3A,10723
SEMA3B,10724
SEMA3C,10725
SEMA3D,10726
SEMA3E,10727
SEMA3F,10728
SEMA3G,30400
SEMA4A,10729
SEMA4B,10730
SEMA4C,10731
SEMA4D,10732
SEMA5A,10736
SEMA5B,10737
SEMA6A,10738
SEMA6B,10739
SEMA6D,16770
SEMA7A,10741
SEMG1,10742
SENP1,17927
SENP2,23116
SENP3,17862
SENP5,28407
SENP8,22992
SEPHS1,19685
SEPHS2,19686
SEPTIN10,14349
SEPTIN12,26348
SEPTIN2,7729
SEPTIN3,10750
SEPTIN4,9165
SEPTIN5,9164
SEPTIN6,15848
SEPTIN7,1717
SEPTIN9,7323
SERBP1,17860
SERF2,10757
SERGEF,17499
SERINC2,23231
SERINC3,11699
SERINC5,18825
SERP1,10759
SERPINA1,8941
SERPINA3,16
SERPINA4,8948
SERPINA5,8723
SERPINA6,1540
SERPINB1,3311
SERPINB2,8584
SERPINB3,10569
SERPINB5,8949
SERPINB6,8950
SERPINB8,8952
SERPINB9,8955
SERPINC1,775
SERPIND1,4838
SERPINE1,8583
SERPINE2,8951
SERPINF1,8824
SERPINF2,9075
SERPING1,1228
SERPINH1,1546
SERPINI1,8943
SERTAD1,17932
SERTAD2,30784
SERTAD3,17931
SERTAD4BP,44296
SESN1,21595
SESN2,20746
SESN3,23060
SESTD1,18379
SET,10760
SETBP1,15573
SETD1A,29010
SETD1B,29187
SETD2,18420
SETD4,1258
SETD5,25566
SETD7,30412
SETD9,28508
SETDB1,10761
SETDB2,20263
SETMAR,10762
SETX,445
SEZ6,15955
SEZ6L,10763
SEZ6L2,30844
SF1,12950
SF3A1,10765
SF3A2,10766
SF3A3,10767
SF3B1,10768
SF3B2,10769
SF3B3,10770
SF3B4,10771
SF3B5,21083
SF3B6,30096
SFI1,29064
SFMBT1,20255
SFMBT2,20256
SFN,10773
SFPQ,10774
SFRP1,10776
SFRP2,10777
SFRP4,10778
SFRP5,10779
SFSWAP,10790
SFTA3,18387
SFTPA1,10798
SFTPA2,10799
SFTPB,10801
SFTPC,10802
SFTPD,10803
SFXN1,16085
SFXN3,16087
SFXN5,16073
SGCA,10805
SGCB,10806
SGCD,10807
SGCG,10809
SGCZ,14075
SGF29,25156
SGIP1,25412
SGK1,10810
SGK2,13900
SGK3,10812
SGMS1,29799
SGMS2,28395
SGO1,25088
SGPL1,10817
SGPP1,17720
SGPP2,19953
SGSH,10818
SGSM1,29410
SGSM3,25228
SGTA,10819
SH2B1,30417
SH2B2,17381
SH2B3,29605
SH2D1A,10820
SH2D1B,30416
SH2D2A,10821
SH2D3A,16885
SH2D3C,16884
SH2D4A,26102
SH2D6,30439
SH3BGR,10822
SH3BGRL,10823
SH3BGRL3,15568
SH3BP1,10824
SH3BP2,10825
SH3BP4,10826
SH3BP5,10827
SH3D19,30418
SH3GL1,10830
SH3GL2,10831
SH3GL3,10832
SH3GLB1,10833
SH3GLB2,10834
SH3KBP1,13867
SH3PXD2A,23664
SH3PXD2B,29242
SH3RF1,17650
SH3RF2,26299
SH3RF3,24699
SH3TC1,26009
SH3TC2,29427
SH3YL1,29546
SHANK1,15474
SHANK2,14295
SHANK3,14294
SHARPIN,25321
SHB,10838
SHBG,10839
SHC1,10840
SHC2,29869
SHC3,18181
SHC4,16743
SHCBP1,29547
SHF,25116
SHFL,25649
SHH,10848
SHISA3,25159
SHISA5,30376
SHISA6,34491
SHISA7,35409
SHISA9,37231
SHISAL1,29335
SHLD1,26318
SHMT1,10850
SHMT2,10852
SHOC1,26535
SHOC2,15454
SHOX,10853
SHOX2,10854
SHPK,1492
SHPRH,19336
SHROOM1,24084
SHROOM2,630
SHROOM3,30422
SHROOM4,29215
SI,10856
SIAE,18187
SIAH1,10857
SIAH2,10858
SIAH3,30553
SIDT1,25967
SIDT2,24272
SIGIRR,30575
SIGLEC10,15620
SIGLEC15,27596
SIGLEC28P,15618
SIGLEC7,10876
SIGLEC8,10877
SIGLEC9,10878
SIGMAR1,8157
SIK1,11142
SIK2,21680
SIK3,29165
SIKE1,26119
SIL1,24624
SIM1,10882
SIM2,10883
SIN3A,19353
SIN3B,19354
SIPA1,10885
SIPA1L1,20284
SIPA1L2,23800
SIPA1L3,23801
SIRPA,9662
SIRPAP1,9663
SIRT1,14929
SIRT2,10886
SIRT3,14931
SIRT4,14932
SIRT5,14933
SIRT6,14934
SIRT7,14935
SIT1,17710
SIVA1,17712
SIX1,10887
SIX2,10888
SIX3,10889
SIX4,10890
SIX5,10891
SIX6,10892
SKA1,28109
SKA2,28006
SKA3,20262
SKAP1,15605
SKAP2,15687
SKI,10896
SKIC8,30300
SKIDA1,32697
SKIL,10897
SKINT1L,33993
SKOR1,21326
SKP1,10899
SKP2,10901
SLA,10902
SLA2,17329
SLAIN1,26387
SLAMF1,10903
SLAMF7,21394
SLBP,10904
SLC10A1,10905
SLC10A2,10906
SLC10A4,22980
SLC10A6,30603
SLC11A1,10907
SLC11A2,10908
SLC12A1,10910
SLC12A2,10911
SLC12A3,10912
SLC12A4,10913
SLC12A5,13818
SLC12A6,10914
SLC12A7,10915
SLC12A8,15595
SLC12A9,17435
SLC13A1,10916
SLC13A2,10917
SLC13A3,14430
SLC13A4,15827
SLC13A5,23089
SLC14A1,10918
SLC14A2,10919
SLC15A1,10920
SLC15A2,10921
SLC15A3,18068
SLC15A4,23090
SLC16A1,10922
SLC16A10,17027
SLC16A12,23094
SLC16A13,31037
SLC16A2,10923
SLC16A3,10924
SLC16A4,10925
SLC16A5,10926
SLC16A6,10927
SLC16A7,10928
SLC16A8,16270
SLC16A9,23520
SLC17A1,10929
SLC17A2,10930
SLC17A3,10931
SLC17A4,10932
SLC17A5,10933
SLC17A6,16703
SLC17A7,16704
SLC17A8,20151
SLC17A9,16192
SLC18A1,10934
SLC18A2,10935
SLC18A3,10936
SLC19A1,10937
SLC19A2,10938
SLC19A3,16266
SLC1A1,10939
SLC1A2,10940
SLC1A3,10941
SLC1A4,10942
SLC1A5,10943
SLC1A6,10944
SLC1A7,10945
SLC20A1,10946
SLC20A2,10947
SLC22A1,10963
SLC22A10,18057
SLC22A11,18120
SLC22A12,17989
SLC22A13,8494
SLC22A15,20301
SLC22A16,20302
SLC22A18,10964
SLC22A2,10966
SLC22A23,21106
SLC22A3,10967
SLC22A31,27091
SLC22A4,10968
SLC22A5,10969
SLC22A6,10970
SLC22A7,10971
SLC22A8,10972
SLC22A9,16261
SLC23A1,10974
SLC23A2,10973
SLC24A1,10975
SLC24A2,10976
SLC24A3,10977
SLC24A4,10978
SLC24A5,20611
SLC25A1,10979
SLC25A10,10980
SLC25A11,10981
SLC25A12,10982
SLC25A13,10983
SLC25A14,10984
SLC25A15,10985
SLC25A16,10986
SLC25A17,10987
SLC25A18,10988
SLC25A19,14409
SLC25A2,22921
SLC25A20,1421
SLC25A21,14411
SLC25A22,19954
SLC25A25,20663
SLC25A26,20661
SLC25A27,21065
SLC25A28,23472
SLC25A29,20116
SLC25A3,10989
SLC25A32,29683
SLC25A33,29681
SLC25A35,31921
SLC25A36,25554
SLC25A37,29786
SLC25A38,26054
SLC25A38P1,43858
SLC25A39,24279
SLC25A3P1,26869
SLC25A4,10990
SLC25A40,29680
SLC25A42,28380
SLC25A45,27442
SLC25A46,25198
SLC25A5,10991
SLC25A6,10992
SLC26A1,10993
SLC26A11,14471
SLC26A2,10994
SLC26A3,3018
SLC26A4,8818
SLC26A6,14472
SLC26A7,14467
SLC26A8,14468
SLC26A9,14469
SLC27A1,10995
SLC27A2,10996
SLC27A3,10997
SLC27A4,10998
SLC27A5,10999
SLC27A6,11000
SLC28A1,11001
SLC28A2,11002
SLC28A3,16484
SLC29A1,11003
SLC29A2,11004
SLC29A3,23096
SLC29A4,23097
SLC2A1,11005
SLC2A10,13444
SLC2A11,14239
SLC2A12,18067
SLC2A13,15956
SLC2A14,18301
SLC2A2,11006
SLC2A3,11007
SLC2A4,11009
SLC2A4RG,15930
SLC2A5,11010
SLC2A6,11011
SLC2A7,13445
SLC2A8,13812
SLC2A9,13446
SLC30A1,11012
SLC30A10,25355
SLC30A3,11014
SLC30A5,19089
SLC30A6,19305
SLC30A7,19306
SLC30A9,1329
SLC31A1,11016
SLC32A1,11018
SLC33A1,95
SLC34A1,11019
SLC34A2,11020
SLC34A3,20305
SLC35A1,11021
SLC35A2,11022
SLC35A3,11023
SLC35B2,16872
SLC35B4,20584
SLC35C1,20197
SLC35D1,20800
SLC35D2,20799
SLC35E3,20864
SLC35F1,21483
SLC35F2,23615
SLC35F3,23616
SLC35F5,23617
SLC35F6,26055
SLC35G1,26607
SLC36A1,18761
SLC36A2,18762
SLC36A3,19659
SLC36A4,19660
SLC37A1,11024
SLC37A2,20644
SLC37A3,20651
SLC37A4,4061
SLC38A1,13447
SLC38A10,28237
SLC38A2,13448
SLC38A3,18044
SLC38A4,14679
SLC38A5,18070
SLC38A6,19863
SLC38A9,26907
SLC39A1,12876
SLC39A10,20861
SLC39A11,14463
SLC39A13,20859
SLC39A14,20858
SLC39A2,17127
SLC39A3,17128
SLC39A4,17129
SLC39A5,20502
SLC39A6,18607
SLC39A7,4927
SLC39A8,20862
SLC39A9,20182
SLC3A1,11025
SLC3A2,11026
SLC40A1,10909
SLC41A1,19429
SLC41A2,31045
SLC43A1,9225
SLC43A2,23087
SLC44A1,18798
SLC44A2,17292
SLC44A3,28689
SLC44A4,13941
SLC44A5,28524
SLC45A1,17939
SLC45A3,8642
SLC46A1,30521
SLC46A2,16055
SLC46A3,27501
SLC47A1,25588
SLC47A2,26439
SLC48A1,26035
SLC4A1,11027
SLC4A10,13811
SLC4A1AP,13813
SLC4A2,11028
SLC4A3,11029
SLC4A4,11030
SLC4A5,18168
SLC4A7,11033
SLC4A8,11034
SLC4A9,11035
SLC51A,29955
SLC51B,29956
SLC52A1,30225
SLC52A2,30224
SLC52A3,16187
SLC5A1,11036
SLC5A10,23155
SLC5A11,23091
SLC5A12,28750
SLC5A2,11037
SLC5A3,11038
SLC5A5,11040
SLC5A6,11041
SLC5A7,14025
SLC5A8,19119
SLC5A9,22146
SLC66A1,26001
SLC66A2,26188
SLC6A1,11042
SLC6A11,11044
SLC6A12,11045
SLC6A13,11046
SLC6A14,11047
SLC6A15,13621
SLC6A18,26441
SLC6A19,27960
SLC6A2,11048
SLC6A20,30927
SLC6A3,11049
SLC6A4,11050
SLC6A5,11051
SLC6A6,11052
SLC6A7,11054
SLC6A8,11055
SLC6A9,11056
SLC7A1,11057
SLC7A10,11058
SLC7A11,11059
SLC7A2,11060
SLC7A3,11061
SLC7A5,11063
SLC7A6,11064
SLC7A7,11065
SLC7A8,11066
SLC7A9,11067
SLC8A1,11068
SLC8A2,11069
SLC8A3,11070
SLC8B1,26175
SLC9A1,11071
SLC9A2,11072
SLC9A3,11073
SLC9A3_OT1,24524
SLC9A4,11077
SLC9A5,11078
SLC9A7,17123
SLC9A8,20728
SLC9A9,20653
SLCO1A2,10956
SLCO1B1,10959
SLCO1B3,10961
SLCO1C1,13819
SLCO2A1,10955
SLCO2B1,10962
SLCO3A1,10952
SLCO4A1,10953
SLCO4C1,23612
SLCO6A1,23613
SLEAR,54824
SLF1,25408
SLFN13,26481
SLFNL1,26313
SLIT1,11085
SLIT2,11086
SLIT3,11087
SLITRK1,20297
SLITRK4,23502
SLITRK5,20295
SLK,11088
SLMAP,16643
SLN,11089
SLPI,11092
SLU7,16939
SLURP1,18746
SLX4,23845
SLX4IP,16225
SMAD1,6767
SMAD2,6768
SMAD3,6769
SMAD4,6770
SMAD5,6771
SMAD6,6772
SMAD7,6773
SMAD9,6774
SMAP2,25082
SMARCA1,11097
SMARCA2,11098
SMARCA4,11100
SMARCA5,11101
SMARCAD1,18398
SMARCAL1,11102
SMARCB1,11103
SMARCC1,11104
SMARCC2,11105
SMARCD1,11106
SMARCD2,11107
SMARCD3,11108
SMARCE1,11109
SMC1A,11111
SMC1B,11112
SMC2,14011
SMC3,2468
SMC4,14013
SMC4P1,51919
SMC5,20465
SMC6,20466
SMCHD1,29090
SMCO4P1,49559
SMCR8,17921
SMDT1,25055
SMG1,30045
SMG5,24644
SMG6,17809
SMG7,16792
SMG8,25551
SMG9,25763
SMIM13,27356
SMIM7,28419
SMN1,11117
SMN2,11118
SMNDC1,16900
SMO,11119
SMOC1,20318
SMOC2,20323
SMOX,15862
SMPD1,11120
SMPD2,11121
SMPD3,14240
SMPD4,32949
SMPD4P1,39673
SMPD5,52275
SMPX,11122
SMR3B,17326
SMS,11123
SMTN,11126
SMUG1,17148
SMUG1P1,49401
SMURF1,16807
SMURF2,16809
SMYD1,20986
SMYD2,20982
SMYD3,15513
SNAI1,11128
SNAI2,11094
SNAI3,18411
SNAP23,11131
SNAP25,11132
SNAP29,11133
SNAP47,30669
SNAP91,14986
SNAPC1,11134
SNAPC4,11137
SNAPIN,17145
SNCA,11138
SNCAIP,11139
SNCB,11140
SNCG,11141
SND1,30646
SNF8,17028
SNHG1,32688
SNHG10,27510
SNHG11,25046
SNHG12,30062
SNHG14,37462
SNHG16,44352
SNHG17,48600
SNHG20,33099
SNHG25,51534
SNHG3,10118
SNHG32,19078
SNHG6,32965
SNHG7,28254
SNHG8,33098
SNIP1,30587
SNORA11B,33620
SNORA14A,32602
SNORA59A,32653
SNORA62,10107
SNORA73A,10115
SNORA80A,32666
SNORC,33763
SNORD118,32952
SNORD12C,10105
SNORD13P3,10112
SNORD14A,10113
SNORD56B,19771
SNORD87,32746
SNORD92,32754
SNPH,15931
SNRK,30598
SNRNP200,30859
SNRNP25,14161
SNRNP27,30240
SNRNP40,30857
SNRNP48,21368
SNRNP70,11150
SNRPA,11151
SNRPA1,11152
SNRPB,11153
SNRPB2,11155
SNRPC,11157
SNRPCP18,49833
SNRPD1,11158
SNRPD2,11159
SNRPD3,11160
SNRPE,11161
SNRPF,11162
SNRPG,11163
SNRPGP11,39330
SNRPGP19,49375
SNRPGP9,39328
SNRPN,11164
SNTA1,11167
SNTB1,11168
SNTB2,11169
SNTG1,13740
SNTG2,13741
SNTN,33706
SNU13,7819
SNUPN,14245
SNW1,16696
SNX1,11172
SNX10,14974
SNX11,14975
SNX12,14976
SNX16,14980
SNX17,14979
SNX22,16315
SNX24,21533
SNX25,21883
SNX27,20073
SNX29,30542
SNX30,23685
SNX31,28605
SNX32,26423
SNX5,14969
SNX6,14970
SNX8,14972
SNX9,14973
SOAT1,11177
SOAT2,11178
SOBP,29256
SOCS1,19383
SOCS2,19382
SOCS3,19391
SOCS4,19392
SOCS5,16852
SOCS5P1,44597
SOCS6,16833
SOCS7,29846
SOD1,11179
SOD2,11180
SOD3,11181
SOHLH1,27845
SOHLH2,26026
SON,11183
SORBS1,14565
SORBS2,24098
SORBS3,30907
SORCS1,16697
SORCS2,16698
SORCS3,16699
SORD,11184
SORL1,11185
SORT1,11186
SOS1,11187
SOS2,11188
SOST,13771
SOSTDC1,21748
SOWAHA,27033
SOX1,11189
SOX10,11190
SOX11,11191
SOX12,11198
SOX13,11192
SOX17,18122
SOX18,11194
SOX2,11195
SOX3,11199
SOX30,30635
SOX4,11200
SOX5,11201
SOX6,16421
SOX7,18196
SOX8,11203
SOX9,11204
SP1,11205
SP100,11206
SP110,5401
SP140,17133
SP140L,25105
SP2,11207
SP3,11208
SP4,11209
SP5,14529
SP7,17321
SP8,19196
SP9,30690
SPAAR,27244
SPAG1,11212
SPAG16,23225
SPAG17,26620
SPAG4,11214
SPAG5,13452
SPAG6,11215
SPAG7,11216
SPAG9,14524
SPAM1,11217
SPARC,11219
SPARCL1,11220
SPART,18514
SPAST,11233
SPATA1,14682
SPATA13,23222
SPATA18,29579
SPATA19,30614
SPATA2,14681
SPATA21,28026
SPATA46,27648
SPATA7,20423
SPATC1L,1298
SPATS1,22957
SPATS2,18650
SPATS2L,24574
SPC24,26913
SPC25,24031
SPCS1,23401
SPCS2,28962
SPCS3,26212
SPDEF,17257
SPDL1,26010
SPDYA,30613
SPDYC,32681
SPECC1,30615
SPECC1L,29022
SPEF2,26293
SPEG,16901
SPEN,17575
SPG11,11226
SPG7,11237
SPHK1,11240
SPHK2,18859
SPHKAP,30619
SPI1,11241
SPIB,11242
SPIDR,28971
SPIN1,11243
SPINK1,11244
SPINK4,16646
SPINK5,15464
SPINK9,32951
SPINT1,11246
SPINT2,11247
SPIRE1,30622
SPIRE2,30623
SPMIP3,30435
SPN,11249
SPNS1,30621
SPNS2,26992
SPOCD1,26338
SPOCK1,11251
SPON2,11253
SPOP,11254
SPP1,11255
SPPL2A,30227
SPPL2B,30627
SPPL3,30424
SPR,11257
SPRED1,20249
SPRED2,17722
SPRR1A,11259
SPRR1B,11260
SPRR2A,11261
SPRR2C,11263
SPRR3,11268
SPRY1,11269
SPRY2,11270
SPRY3,11271
SPRY4,15533
SPRY4_AS1,53465
SPRYD7,14297
SPSB1,30628
SPSB2,29522
SPSB3,30629
SPTA1,11272
SPTAN1,11273
SPTB,11274
SPTBN1,11275
SPTBN2,11276
SPTBN4,14896
SPTBN5,15680
SPTLC1,11277
SPTLC2,11278
SPTLC3,16253
SPTSSB,24045
SPX,28139
SQLE,11279
SQOR,20390
SQSTM1,11280
SRA1,11281
SRBD1,25521
SRC,11283
SRCAP,16974
SRCIN1,29506
SRD5A1,11284
SRD5A2,11285
SRD5A3,25812
SREBF1,11289
SREBF2,11290
SREBF2_AS1,53953
SREK1,17882
SRF,11291
SRGAP1,17382
SRGAP2,19751
SRGAP3,19744
SRGN,9361
SRI,11292
SRIP1,11293
SRL,11295
SRM,11296
SRMP2,20034
SRMS,11298
SRP14,11299
SRP19,11300
SRP54,11301
SRP68,11302
SRP72,11303
SRP9P1,23402
SRPK1,11305
SRPK2,11306
SRPK3,11402
SRPRA,11307
SRPRB,24085
SRPX,11309
SRR,14398
SRRM1,16638
SRRM2,16639
SRRM3,26729
SRSF1,10780
SRSF10,16713
SRSF11,10782
SRSF2,10783
SRSF3,10785
SRSF4,10786
SRSF5,10787
SRSF6,10788
SRSF7,10789
SRSF8,16988
SRXN1,16132
SRY,11311
SS18,11340
SS18L1,15592
SS18L2,15593
SS18L2P1,44965
SSB,11316
SSBP1,11317
SSBP2,15831
SSBP3,15674
SSBP4,15676
SSC4D,14461
SSH1,30579
SSH2,30580
SSH3,30581
SSPOP,21998
SSR1,11323
SSRP1,11327
SST,11329
SSTR1,11330
SSTR2,11331
SSTR3,11332
SSTR4,11333
SSTR5,11334
SSU72,25016
SSUH2,24809
SSX1,11335
SSX2,11336
SSX2IP,16509
ST13,11343
ST14,11344
ST18,18695
ST20,33520
ST3GAL1,10862
ST3GAL2,10863
ST3GAL3,10866
ST3GAL4,10864
ST3GAL5,10872
ST3GAL6,18080
ST6GAL1,10860
ST6GAL2,10861
ST6GALNAC1,23614
ST6GALNAC2,10867
ST6GALNAC3,19343
ST6GALNAC4,17846
ST6GALNAC5,19342
ST6GALNAC6,23364
ST7,11351
ST7L,18441
ST8SIA1,10869
ST8SIA2,10870
ST8SIA4,10871
ST8SIA5,17827
ST8SIA6,23317
STAB1,18628
STAB2,18629
STAG1,11354
STAG2,11355
STAG3,11356
STAM,11357
STAM2,11358
STAMBP,16950
STAMBPL1,24105
STAP1,24133
STAP2,30430
STAR,11359
STARD10,10666
STARD13,19164
STARD3,17579
STARD4,18058
STARD5,18065
STARD6,18066
STARD7,18063
STARD8,19161
STARD9,19162
STARP1,11360
STAT1,11362
STAT2,11363
STAT3,11364
STAT4,11365
STAT5A,11366
STAT5B,11367
STAT6,11368
STAU1,11370
STAU2,11371
STC1,11373
STC2,11374
STEAP1,11378
STEAP3,24592
STEAP4,21923
STH,18839
STIL,10879
STIM1,11386
STIM2,19205
STING1,27962
STIP1,11387
STK10,11388
STK11,11389
STK16,11394
STK17A,11395
STK17B,11396
STK19,11398
STK24,11403
STK25,11404
STK26,18174
STK3,11406
STK31,11407
STK32B,14217
STK32C,21332
STK33,14568
STK33P1,26871
STK35,16254
STK36,17209
STK38,17847
STK38L,17848
STK39,17717
STK4,11408
STK40,21373
STMN1,6510
STMN2,10577
STMN3,15926
STN1,26200
STOM,3383
STOML2,14559
STOML3,19420
STON1,17003
STON2,30652
STOX1,23508
STPG1,28070
STPG2,28712
STRA6,30650
STRADA,30172
STRADB,13205
STRAP,30796
STRBP,16462
STRIP1,25916
STRN,11424
STRN4,15721
STS,11425
STT3A,6172
STT3B,30611
STUB1,11427
STUM,30491
STX10,11428
STX11,11429
STX12,11430
STX16,11431
STX17,11432
STX18,15942
STX1A,11433
STX1B,18539
STX3,11438
STX4,11439
STX5,11440
STX6,11441
STX8,11443
STXBP1,11444
STXBP2,11445
STXBP3,11446
STXBP4,19694
STXBP5,19665
STXBP6,19666
STYK1,18889
STYX,11447
SUB1,19985
SUCLA2,11448
SUCLG1,11449
SUCLG2,11450
SUCNR1,4542
SUDS3,29545
SUFU,16466
SUGP2,18641
SUGT1,16987
SULF1,20391
SULF2,20392
SULT1A1,11453
SULT1A2,11454
SULT1A3,11455
SULT1A4,30004
SULT1B1,17845
SULT1C2,11456
SULT1C4,11457
SULT1E1,11377
SULT2A1,11458
SULT2B1,11459
SULT4A1,14903
SUMF1,20376
SUMO1,12502
SUMO1P1,33148
SUMO2,11125
SUMO2P8,39018
SUMO3,11124
SUMO4,21181
SUN1,18587
SUN2,14210
SUN3,22429
SUN5,16252
SUOX,11460
SUPT16H,11465
SUPT20H,20596
SUPT3H,11466
SUPT4H1,11467
SUPT5H,11469
SUPT6H,11470
SUPT7L,30632
SUPV3L1,11471
SURF1,11474
SURF6,11478
SUSD1,25413
SUSD2,30667
SUSD3,28391
SUSD4,25470
SUSD5,29061
SUSD6,19956
SUV39H1,11479
SUV39H2,17287
SUZ12,17101
SV2A,20566
SV2B,16874
SV2C,30670
SVIL,11480
SVIP,25238
SWAP70,17070
SWSAP1,26638
SWT1,16785
SYBU,26011
SYCE1,28852
SYCE2,27411
SYCE3,35245
SYCN,18442
SYCP1,11487
SYCP2,11490
SYCP2L,21537
SYCP3,18130
SYDE2,25841
SYK,11491
SYMPK,22935
SYN1,11494
SYN2,11495
SYN3,11496
SYNCRIP,16918
SYNDIG1,15885
SYNE1,17089
SYNE2,17084
SYNE3,19861
SYNE4,26703
SYNGAP1,11497
SYNGR1,11498
SYNGR2,11499
SYNJ1,11503
SYNJ2,11504
SYNM,24466
SYNPO,30672
SYNPO2,17732
SYNPR,16507
SYP,11506
SYPL1,11507
SYT1,11509
SYT11,19239
SYT12,18381
SYT17,24119
SYT2,11510
SYT3,11511
SYT4,11512
SYT5,11513
SYT6,18638
SYT7,11514
SYTL1,15584
SYTL2,15585
SYTL3,15587
SYVN1,20738
SZRD1,30232
TAB1,18157
TAB2,17075
TAB3,30681
TAC1,11517
TAC3,11521
TAC4,16641
TACC1,11522
TACC2,11523
TACC3,11524
TACR1,11526
TACR2,11527
TACR3,11528
TACSTD2,11530
TADA1,30631
TADA2A,11531
TADA2B,30781
TADA3,19422
TAF1,11535
TAF10,11543
TAF11,11544
TAF12,11545
TAF13,11546
TAF15,11547
TAF1A,11532
TAF1B,11533
TAF1C,11534
TAF1D,28759
TAF2,11536
TAF3,17303
TAF4,11537
TAF4B,11538
TAF5,11539
TAF5L,17304
TAF6,11540
TAF6L,17305
TAF7,11541
TAF8,17300
TAF9,11542
TAF9B,17306
TAFA1,21587
TAFA2,21589
TAFAZZIN,11577
TAGAP,15669
TAGLN,11553
TAGLN2,11554
TAL1,11556
TALDO1,11559
TAMALIN,18707
TANC1,29364
TANC2,30212
TANGO2,25439
TANK,11562
TAOK1,29259
TAOK2,16835
TAOK3,18133
TAP1,43
TAP2,44
TAPT1,26887
TARBP1,11568
TARBP2,11569
TARDBP,11571
TARID,50506
TARS1,11572
TARS2,30740
TARS3,24728
TAS2R38,9584
TAS2R62P,20640
TASOR2,23484
TASP1,15859
TAT,11573
TATDN3,27010
TAX1BP1,11575
TAX1BP3,30684
TBC1D1,11578
TBC1D10A,23609
TBC1D10B,24510
TBC1D14,29246
TBC1D16,28356
TBC1D17,25699
TBC1D2,18026
TBC1D20,16133
TBC1D22A,1309
TBC1D24,29203
TBC1D25,8092
TBC1D2B,29183
TBC1D30,29164
TBC1D31,30888
TBC1D32,21485
TBC1D4,19165
TBC1D5,19166
TBC1D7,21066
TBC1D8,17791
TBC1D9,21710
TBCA,11579
TBCB,1989
TBCCD1,25546
TBCD,11581
TBCEL,28115
TBK1,11584
TBKBP1,30140
TBL1X,11585
TBL1XR1,29529
TBL1Y,18502
TBP,11588
TBPL1,11589
TBPL2,19841
TBR1,11590
TBRG4,17443
TBX1,11592
TBX15,11594
TBX18,11595
TBX19,11596
TBX2,11597
TBX20,11598
TBX21,11599
TBX22,11600
TBX3,11602
TBX4,11603
TBX6,11605
TBXA2R,11608
TBXAS1,11609
TBXT,11515
TCAF1,22201
TCAIM,25241
TCAP,11610
TCEA1,11612
TCEA2,11614
TCEA3,11615
TCEAL1,11616
TCEAL6,24553
TCEANC,28277
TCERG1,15630
TCERG1L,23533
TCF12,11623
TCF19,11629
TCF20,11631
TCF21,11632
TCF24,32275
TCF25,29181
TCF3,11633
TCF4,11634
TCF7,11639
TCF7L1,11640
TCF7L2,11641
TCHH,11791
TCHP,28135
TCIM,1357
TCIRG1,11647
TCL1A,11648
TCL1B,11649
TCL6,13463
TCN2,11653
TCOF1,11654
TCP1,11655
TCP11,11658
TCP11L2,28627
TCP1P1,11659
TCTN1,26113
TDG,11700
TDO2,11708
TDP1,18884
TDP2,17768
TDRD1,11712
TDRD10,25316
TDRD12,25044
TDRD3,20612
TDRD9,20122
TDRKH,11713
TEAD1,11714
TEAD2,11715
TEAD3,11716
TEAD4,11717
TEC,11719
TECPR1,22214
TECR,4551
TECRL,27365
TECTB,11721
TEDC1,20127
TEF,11722
TEK,11724
TEKT1,15534
TEKT2,11725
TEKT5,26554
TELO2,29099
TENM1,8117
TENM2,29943
TENM3,29944
TENM4,29945
TENT2,26776
TENT4A,16705
TENT5A,18345
TENT5B,28273
TENT5C,24712
TENT5D,28399
TEP1,11726
TEPSIN,26458
TERB1,26675
TERB2,28520
TERC,11727
TERF1,11728
TERF2,11729
TERF2IP,19246
TERT,11730
TESC,26065
TESK1,11731
TESK2,11732
TESPA1,29109
TET1,29484
TET2,25941
TET3,28313
TEX10,25988
TEX12,11734
TEX14,11737
TEX19,33802
TEX2,30884
TEX261,30712
TEX36,31653
TEX41,48667
TEX9,29585
TF,11740
TFAM,11741
TFAP2A,11742
TFAP2B,11743
TFAP2C,11744
TFAP2D,15581
TFAP4,11745
TFCP2,11748
TFCP2L1,17925
TFDP1,11749
TFDP2,11751
TFDP3,24603
TFE3,11752
TFEB,11753
TFEC,11754
TFF1,11755
TFF2,11756
TFF3,11757
TFG,11758
TFIP11,17165
TFPI,11760
TFPI2,11761
TFPT,13630
TFR2,11762
TFRC,11763
TG,11764
TGDS,20324
TGFA,11765
TGFB1,11766
TGFB1I1,11767
TGFB2,11768
TGFB3,11769
TGFBI,11771
TGFBR1,11772
TGFBR2,11773
TGFBR3,11774
TGFBR3L,44152
TGFBRAP1,16836
TGIF1,11776
TGIF2,15764
TGM1,11777
TGM2,11778
TGM3,11779
TGM4,11780
TGM5,11781
TGM6,16255
TGM7,30790
TH,11782
TH2LCRR,40495
THA1P,18004
THADA,19217
THAP1,20856
THAP10,23193
THAP11,23194
THAP12,9440
THAP2,20854
THAP9,23192
THBD,11784
THBS1,11785
THBS2,11786
THBS3,11787
THBS4,11788
THEM4,17947
THEM5,26755
THEMIS2,16839
THG1L,26053
THNSL1,26160
THOC1,19070
THOC2,19073
THOC3,19072
THOC5,19074
THOC6,28369
THOC7,29874
THOP1,11793
THPO,11795
THRA,11796
THRAP3,22964
THRB,11799
THRSP,11800
THSD4,25835
THSD7A,22207
THSD7B,29348
THTPA,18987
THUMPD3,24493
THY1,11801
TIA1,11802
TIAL1,11804
TIAM1,11805
TIAM2,11806
TICAM1,18348
TICAM2,21354
TICRR,28704
TIE1,11809
TIFA,19075
TIFAB,34024
TIGAR,1185
TIGIT,26838
TIMELESS,11813
TIMM10,11814
TIMM17A,17315
TIMM17B,17310
TIMM21,25010
TIMM22,17317
TIMM23,17312
TIMM29,25152
TIMM44,17316
TIMM50,23656
TIMM8A,11817
TIMM9,11819
TIMP1,11820
TIMP2,11821
TIMP3,11822
TIMP4,11823
TINAG,14599
TINAGL1,19168
TINCR,14607
TINF2,11824
TIPARP,23696
TIPIN,30750
TIPRL,30231
TIRAP,17192
TJAP1,17949
TJP1,11827
TJP2,11828
TJP3,11829
TK1,11830
TK2,11831
TKFC,24552
TKT,11834
TKTL1,11835
TKTL2,25313
TLCD1,25177
TLCD3A,29646
TLCD3B,25295
TLE1,11837
TLE2,11838
TLE3,11839
TLE4,11840
TLE5,307
TLE6,30788
TLK1,11841
TLK2,11842
TLL1,11843
TLL2,11844
TLN1,11845
TLN2,15447
TLNRD1,13519
TLR1,11847
TLR10,15634
TLR12P,31754
TLR2,11848
TLR3,11849
TLR4,11850
TLR5,11851
TLR6,16711
TLR7,15631
TLR8,15632
TLR9,15633
TLX1,5056
TLX2,5057
TLX3,13532
TM2D1,24142
TM2D2,24127
TM2D3,24128
TM4SF1,11853
TM4SF19,25167
TM4SF4,11856
TM6SF1,11860
TM7SF2,11863
TM9SF3,21529
TM9SF4,30797
TMA7,26932
TMBIM1,23410
TMBIM4,24257
TMBIM6,11723
TMC1,16513
TMC2,16527
TMC5,22999
TMC6,18021
TMC7,23000
TMC8,20474
TMCC1,29116
TMCC2,24239
TMCC3,29199
TMCO1,18188
TMCO2,23312
TMCO4,27393
TMCO5A,28558
TMED10,16998
TMED5,24251
TMED7,24253
TMED7_TICAM2,33945
TMEFF2,11867
TMEM100,25607
TMEM104,25984
TMEM108,28451
TMEM109,28771
TMEM11,16823
TMEM114,33227
TMEM115,30055
TMEM117,25308
TMEM119,27884
TMEM120B,32008
TMEM121,20511
TMEM123,30138
TMEM126A,25382
TMEM127,26038
TMEM129,25137
TMEM131,30366
TMEM131L,29146
TMEM132A,31092
TMEM132B,29397
TMEM132D,29411
TMEM134,26142
TMEM135,26167
TMEM143,25603
TMEM144,25633
TMEM14B,21384
TMEM14C,20952
TMEM150B,34415
TMEM154,26489
TMEM160,26042
TMEM161A,26020
TMEM161B,28483
TMEM163,25380
TMEM164,26217
TMEM167B,30187
TMEM178A,28517
TMEM18,25257
TMEM184A,28797
TMEM184B,1310
TMEM19,25605
TMEM196,22431
TMEM201,33719
TMEM205,29631
TMEM208,25015
TMEM212,34295
TMEM217,21238
TMEM219,25201
TMEM225,32390
TMEM229B,20130
TMEM231,37234
TMEM232,37270
TMEM241,31723
TMEM244,21571
TMEM245,1363
TMEM248,25476
TMEM250,31009
TMEM255A,26086
TMEM258,1164
TMEM259,17039
TMEM26,28550
TMEM272,26737
TMEM273,27274
TMEM37,18216
TMEM40,25620
TMEM41B,28948
TMEM47,18515
TMEM50A,30590
TMEM51_AS2,32332
TMEM54,24143
TMEM59,1239
TMEM59L,13237
TMEM60,21754
TMEM63C,23787
TMEM64,25441
TMEM69,28035
TMEM70,26050
TMEM80,27453
TMEM86B,28448
TMEM87A,24522
TMEM88,32371
TMEM8B,21427
TMEM9,18823
TMEM94,28983
TMEM97,28106
TMF1,11870
TMIGD2,28324
TMLHE,18308
TMOD1,11871
TMPO,11875
TMPPE,33865
TMPRSS11D,24059
TMPRSS2,11876
TMPRSS3,11877
TMPRSS5,14908
TMPRSS6,16517
TMSB4X,11881
TMSB4XP3,38587
TMSB4XP8,11885
TMT1A,24550
TMTC1,24099
TMTC3,26899
TMTC4,25904
TMX2,30739
TMX3,24718
TMX4,25237
TNC,5318
TNF,11892
TNFAIP1,11894
TNFAIP2,11895
TNFAIP3,11896
TNFAIP6,11898
TNFAIP8,17260
TNFAIP8L1,28279
TNFAIP8L2,26277
TNFAIP8L3,20620
TNFRSF10A,11904
TNFRSF10B,11905
TNFRSF10C,11906
TNFRSF10D,11907
TNFRSF11A,11908
TNFRSF11B,11909
TNFRSF12A,18152
TNFRSF13B,18153
TNFRSF13C,17755
TNFRSF14,11912
TNFRSF17,11913
TNFRSF18,11914
TNFRSF19,11915
TNFRSF1A,11916
TNFRSF1B,11917
TNFRSF21,13469
TNFRSF25,11910
TNFRSF4,11918
TNFRSF6B,11921
TNFRSF8,11923
TNFRSF9,11924
TNFSF10,11925
TNFSF11,11926
TNFSF12,11927
TNFSF12_TNFSF13,33537
TNFSF13,11928
TNFSF13B,11929
TNFSF14,11930
TNFSF15,11931
TNFSF18,11932
TNFSF4,11934
TNFSF8,11938
TNFSF9,11939
TNIK,30765
TNIP1,16903
TNIP2,19118
TNIP3,19315
TNK1,11940
TNK2,19297
TNKS,11941
TNKS1BP1,19081
TNKS2,15677
TNN,22942
TNNC1,11943
TNNI1,11945
TNNI3,11947
TNNI3K,19661
TNNT2,11949
TNPO1,6401
TNPO2,19998
TNR,11953
TNRC18,11962
TNRC6A,11969
TNRC6B,29190
TNRC6C,29318
TNS1,11973
TNS2,19737
TNS3,21616
TNXB,11976
TOB1,11979
TOB2,11980
TOB2P1,13986
TOE1,15954
TOGARAM2,33715
TOLLIP,16476
TOM1,11982
TOM1L1,11983
TOM1L2,11984
TOMM20,20947
TOMM22,18002
TOMM40,18001
TOMM40L,25756
TOMM5,31369
TOMM6,34528
TOMM7,21648
TOMM70,11985
TOP1,11986
TOP1MT,29787
TOP2A,11989
TOP2B,11990
TOP3A,11992
TOP3B,11993
TOPBP1,17008
TOPORS,21653
TOR1A,3098
TOR1AIP1,29456
TOR1B,11995
TOR4A,25981
TOX,18988
TOX2,16095
TP53,11998
TP53AIP1,29984
TP53BP1,11999
TP53BP2,12000
TP53I11,16842
TP53I13,25102
TP53I3,19373
TP53INP1,18022
TP53INP2,16104
TP53RK,16197
TP53TG1,17026
TP53TG5,15856
TP63,15979
TP73,12003
TPBG,12004
TPCN1,18182
TPCN2,20820
TPD52,12005
TPD52L1,12006
TPD52L2,12007
TPGS1,25058
TPH1,12008
TPH2,20692
TPI1,12009
TPI1P3,38070
TPK1,17358
TPM1,12010
TPM2,12011
TPM3,12012
TPM4,12013
TPMT,12014
TPO,12015
TPP1,2073
TPP2,12016
TPPP,24164
TPPP3,24162
TPR,12017
TPRA1,30413
TPRG1,24759
TPRX1P1,32176
TPSAB1,12019
TPSB2,14120
TPSD1,14118
TPST1,12020
TPST2,12021
TPT1,12022
TPT1P4,49298
TPT1_AS1,43686
TPTE2,17299
TPTEP1,43648
TPX2,1249
TRA,12027
TRA2A,16645
TRA2B,10781
TRABD,28805
TRABD2A,27013
TRAC,12029
TRADD,12030
TRAF1,12031
TRAF2,12032
TRAF3,12033
TRAF3IP2,1343
TRAF3IP3,30766
TRAF4,12034
TRAF5,12035
TRAF6,12036
TRAF7,20456
TRAIP,30764
TRAK1,29947
TRAK2,13206
TRANK1,29011
TRAP1,16264
TRAPPC10,11868
TRAPPC12,24284
TRAPPC3,19942
TRAPPC6A,23069
TRAPPC8,29169
TRAPPC9,30832
TRAT1,30698
TRB,12155
TRBC1,12156
TRBV7_9,12243
TRD,12252
TRDJ2,12258
TRDMT1,2977
TREH,12266
TREM1,17760
TREM2,17761
TRERF1,18273
TRERNA1,44307
TREX1,12269
TREX2,12270
TRE_TTC3_1,12265
TRH,12298
TRHDE,30748
TRHR,12299
TRIAP1,26937
TRIB1,16891
TRIB2,30809
TRIB3,16228
TRIM10,10072
TRIM11,16281
TRIM13,9976
TRIM14,16283
TRIM15,16284
TRIM16,17241
TRIM17,13430
TRIM2,15974
TRIM21,11312
TRIM22,16379
TRIM23,660
TRIM24,11812
TRIM25,12932
TRIM26,12962
TRIM27,9975
TRIM28,16384
TRIM29,17274
TRIM3,10064
TRIM31,16289
TRIM32,16380
TRIM33,16290
TRIM34,10063
TRIM35,16285
TRIM36,16280
TRIM37,7523
TRIM38,10059
TRIM39,10065
TRIM4,16275
TRIM40,18736
TRIM41,19013
TRIM42,19014
TRIM43,19015
TRIM43B,37146
TRIM44,19016
TRIM45,19018
TRIM46,19019
TRIM47,19020
TRIM48,19021
TRIM49,13431
TRIM49B,42955
TRIM49C,38877
TRIM49D1,43973
TRIM5,16276
TRIM50,19017
TRIM51,19023
TRIM52,19024
TRIM54,16008
TRIM55,14215
TRIM56,19028
TRIM58,24150
TRIM59,30834
TRIM6,16277
TRIM60,21162
TRIM60P15,38487
TRIM61,24339
TRIM62,25574
TRIM63,16007
TRIM64,14663
TRIM64B,37147
TRIM64C,37148
TRIM65,27316
TRIM66,29005
TRIM67,31859
TRIM68,21161
TRIM69,17857
TRIM7,16278
TRIM71,32669
TRIM72,32671
TRIM73,18162
TRIM74,17453
TRIM75,32686
TRIM77,34228
TRIM8,15579
TRIM9,16288
TRIML1,26698
TRIO,12303
TRIOBP,17009
TRIP10,12304
TRIP11,12305
TRIP12,12306
TRIP13,12307
TRIP4,12310
TRIP6,12311
TRIT1,20286
TRMO,30967
TRMT1,25980
TRMT10B,26454
TRMT11,21080
TRMT12,26091
TRMT1L,16782
TRMT44,26653
TRMT9B,26725
TRMU,25481
TRNAU1AP,30813
TRNP1,34348
TRNT1,17341
TRO,12326
TROAP,12327
TRPC1,12333
TRPC3,12335
TRPC4,12336
TRPC4AP,16181
TRPC5,12337
TRPC6,12338
TRPC7,20754
TRPM1,7146
TRPM2,12339
TRPM2_AS,50758
TRPM3,17992
TRPM4,17993
TRPM6,17995
TRPM7,17994
TRPM8,17961
TRPS1,12340
TRPT1,20316
TRPV1,12716
TRPV2,18082
TRPV3,18084
TRPV4,18083
TRPV5,3145
TRPV6,14006
TRRAP,12347
TRUB2,17170
TSC1,12362
TSC2,12363
TSC22D1,16826
TSC22D2,29095
TSC22D3,3051
TSC22D4,21696
TSEN2,28422
TSEN54,27561
TSFM,12367
TSG101,15971
TSGA10,14927
TSHB,12372
TSHR,12373
TSHZ2,13010
TSHZ3,30700
TSIX,12377
TSKU,28850
TSLP,30743
TSN,12379
TSNARE1,26437
TSNAX,12380
TSNAXIP1,18586
TSPAN1,20657
TSPAN12,21641
TSPAN14,23303
TSPAN15,23298
TSPAN16,30725
TSPAN18,20660
TSPAN2,20659
TSPAN33,28743
TSPAN4,11859
TSPAN5,17753
TSPAN7,11854
TSPAN9,21640
TSPO2,21256
TSPOAP1,16831
TSPY1,12381
TSPYL2,24358
TSSC4,12386
TSSK2,11401
TSSK3,15473
TSSK4,19825
TSSK6,30410
TST,12388
TSTD2,30087
TTBK1,19140
TTBK2,19141
TTC1,12391
TTC14,24697
TTC17,25596
TTC19,26006
TTC21A,30761
TTC23L,26355
TTC27,25986
TTC28,29179
TTC3,12393
TTC31,25759
TTC36,33708
TTC39A,18657
TTC39B,23704
TTC39C,26595
TTC4P1,12395
TTC5,19274
TTC7A,19750
TTC7B,19858
TTC8,20087
TTF1,12397
TTF2,12398
TTI1,29029
TTI2,26262
TTK,12401
TTL,21586
TTLL12,28974
TTLL3,24483
TTLL4,28976
TTLL5,19963
TTLL6,26664
TTN,12403
TTPA,12404
TTR,12405
TTYH2,13877
TTYH3,22222
TUB,12406
TUBA1A,20766
TUBA1B,18809
TUBA1C,20768
TUBA3C,12408
TUBA3D,24071
TUBA3E,20765
TUBA4A,12407
TUBA4B,18637
TUBA8,12410
TUBB,20778
TUBB1,16257
TUBB2A,12412
TUBB2B,30829
TUBB3,20772
TUBB4A,20774
TUBB4B,20771
TUBB6,20776
TUBB7P,12413
TUBB8,20773
TUBBP3,18192
TUBBP9,42178
TUBD1,16811
TUBE1,20775
TUBG1,12417
TUBG2,12419
TUBGCP2,18599
TUBGCP3,18598
TUBGCP4,16691
TUBGCP5,18600
TUBGCP6,18127
TUFM,12420
TUFMP1,12421
TUG1,26066
TULP2,12424
TULP3,12425
TULP4,15530
TUSC2,17034
TUSC3,30242
TUSC7,27701
TUT1,26184
TUT4,28981
TUT7,25817
TVP23BP2,38869
TWF1,9620
TWIST1,12428
TWIST2,20670
TWSG1,12429
TXK,12434
TXLNB,21617
TXLNG,18578
TXN,12435
TXN2,17772
TXNDC11,28030
TXNDC15,20652
TXNDC16,19965
TXNDC17,28218
TXNDC2,16470
TXNDC5,21073
TXNIP,16952
TXNL1,12436
TXNL4A,30551
TXNRD1,12437
TXNRD2,18155
TXNRD3,20667
TYK2,12440
TYMP,3148
TYMS,12441
TYR,12442
TYRO3,12446
TYROBP,12449
TYRP1,12450
TYSND1,28531
U2AF1,12453
U2AF2,23156
U2SURP,30855
UACA,15947
UAP1,12457
UAP1L1,28082
UBA1,12469
UBA2,30661
UBA3,12470
UBA5,23230
UBA52,12458
UBA6,25581
UBA7,12471
UBAC1,30221
UBAC2,20486
UBALD2,28438
UBAP1,12461
UBAP2,14185
UBAP2L,29877
UBASH3A,12462
UBASH3B,29884
UBB,12463
UBC,12468
UBD,18795
UBE2A,12472
UBE2B,12473
UBE2C,15937
UBE2CP3,43552
UBE2D1,12474
UBE2D2,12475
UBE2D3,12476
UBE2D3P1,33349
UBE2D4,21647
UBE2E1,12477
UBE2E2,12478
UBE2E3,12479
UBE2F,12480
UBE2G1,12482
UBE2G2,12483
UBE2H,12484
UBE2I,12485
UBE2J1,17598
UBE2J2,19268
UBE2K,4914
UBE2L3,12488
UBE2L5,13477
UBE2L6,12490
UBE2M,12491
UBE2N,12492
UBE2NL,31710
UBE2O,29554
UBE2Q1,15698
UBE2Q2,19248
UBE2Q2P9,49517
UBE2QL1,37269
UBE2R2,19907
UBE2S,17895
UBE2T,25009
UBE2U,28559
UBE2V1,12494
UBE2V1P4,44886
UBE2V2,12495
UBE2W,25616
UBE2Z,25847
UBE3A,12496
UBE3B,13478
UBE3C,16803
UBE3D,21381
UBE4A,12499
UBE4B,12500
UBFD1,30565
UBIAD1,30791
UBL4A,12505
UBL4B,32309
UBL5P3,44641
UBN1,12506
UBN2,21931
UBOX5,17777
UBP1,12507
UBQLN1,12508
UBQLN2,12509
UBQLN4,1237
UBR1,16808
UBR2,21289
UBR3,30467
UBR4,30313
UBR5,16806
UBR7,20344
UBTD2,24463
UBTF,12511
UBTFL9,50286
UBXN1,18402
UBXN10,26354
UBXN2A,27265
UBXN2B,27035
UBXN4,14860
UBXN6,14928
UBXN8,30307
UCA1,37126
UCA1_AS1,52553
UCHL1,12513
UCHL3,12515
UCHL5,19678
UCK1,14859
UCK2,12562
UCKL1,15938
UCN,12516
UCN2,18414
UCN3,17781
UCP1,12517
UCP2,12518
UCP3,12519
UFD1,12520
UFL1,23039
UGCG,12524
UGDH,12525
UGGT1,15663
UGGT2,15664
UGP2,12527
UGT1A,12529
UGT1A1,12530
UGT1A10,12531
UGT1A12P,12533
UGT1A3,12535
UGT1A4,12536
UGT1A5,12537
UGT1A6,12538
UGT1A7,12539
UGT1A8,12540
UGT1A9,12541
UGT2A1,12542
UGT2A3,28528
UGT2B10,12544
UGT2B11,12545
UGT2B15,12546
UGT2B17,12547
UGT2B28,13479
UGT2B4,12553
UGT2B7,12554
UGT3A1,26625
UGT3A2,27266
UGT8,12555
UHMK1,19683
UHRF1,12556
UHRF2,12557
UIMC1,30298
ULBP1,14893
ULBP2,14894
ULBP3,14895
ULK1,12558
ULK2,13480
ULK3,19703
ULK4,15784
UMAD1,48955
UMODL1,12560
UMPS,12563
UNC13A,23150
UNC13B,12566
UNC13C,23149
UNC13D,23147
UNC45A,30594
UNC5A,12567
UNC5B,12568
UNC5C,12569
UNC5CL,21203
UNC5D,18634
UNC79,19966
UNC80,26582
UNCX,33194
UNG,12572
UNK,29369
UNKL,14184
UPB1,16297
UPF1,9962
UPF2,17854
UPF3B,20439
UPK1A,12577
UPK2,12579
UPK3A,12580
UPP1,12576
UPP2,23061
UPRT,28334
UQCC1,15891
UQCC5,37257
UQCC6,34450
UQCR10,30863
UQCR11,30862
UQCRB,12582
UQCRC1,12585
UQCRC2,12586
UQCRFS1,12587
UQCRH,12590
UQCRQ,29594
URAD,17785
URAHP,43695
URB1,17344
URGCP,30890
URI1,13236
UROC1,26444
UROD,12591
UROS,12592
USE1,30882
USF1,12593
USF2,12594
USF3,30494
USH1C,12597
USH1G,16356
USH2A,12601
USO1,30904
USP1,12607
USP10,12608
USP11,12609
USP12,20485
USP13,12611
USP14,12612
USP15,12613
USP16,12614
USP17L2,34434
USP17L22,44450
USP17L24,44453
USP17L25,44452
USP17L26,44454
USP17L27,44455
USP17L28,44456
USP17L29,44457
USP17L30,44458
USP17L5,37177
USP18,12616
USP19,12617
USP2,12618
USP20,12619
USP21,12620
USP22,12621
USP24,12623
USP25,12624
USP26,13485
USP27X,13486
USP28,12625
USP29,18563
USP3,12626
USP30,20065
USP31,20060
USP32,19143
USP33,20059
USP34,20066
USP35,20061
USP36,20062
USP37,20063
USP38,20067
USP39,20071
USP4,12627
USP40,20069
USP41P,20070
USP42,20068
USP43,20072
USP44,20064
USP45,20080
USP46,20075
USP47,20076
USP48,18533
USP49,20078
USP5,12628
USP50,20079
USP51,23086
USP6,12629
USP6NL,16858
USP7,12630
USP8,12631
USP9X,12632
USP9Y,12633
USPL1,20294
UST,17223
UTF1,12634
UTP11,24329
UTP18,24274
UTP20,17897
UTP3,24477
UTP6,18279
UTRN,12635
UTS2,12636
UTS2R,4468
UTY,12638
UVRAG,12640
UXS1,17729
UXT,12641
VAC14,25507
VAMP1,12642
VAMP2,12643
VAMP3,12644
VAMP4,12645
VAMP5,12646
VAMP7,11486
VAMP8,12647
VANGL1,15512
VANGL2,15511
VAPA,12648
VAPB,12649
VARS1,12651
VARS2,21642
VASH1,19964
VASH2,25723
VASN,18517
VASP,12652
VAT1,16919
VAV1,12657
VAV2,12658
VAV3,12659
VBP1,12662
VCAM1,12663
VCAN,2464
VCL,12665
VCP,12666
VCPIP1,30897
VCPKMT,20352
VDAC1,12669
VDAC2,12672
VDAC2P3,51931
VDR,12679
VEGFA,12680
VEGFB,12681
VEGFC,12682
VEGFD,3708
VENTX,13639
VEPH1,25735
VEZF1,12949
VEZT,18258
VGF,12684
VGLL1,20985
VGLL2,20232
VGLL4,28966
VHL,12687
VHLL,30666
VIL1,12690
VILL,30906
VIM,12692
VIM_AS1,44879
VIP,12693
VIPAS39,20347
VIPR1,12694
VIPR2,12695
VKORC1,23663
VKORC1L1,21492
VLDLR,12698
VMP1,29559
VN1R1,13548
VN1R107P,37431
VN1R10P,13550
VN1R53P,37373
VN1R80P,37329
VN2R3P,33209
VNN1,12705
VNN2,12706
VOPP1,34518
VPS11,14583
VPS13A,1908
VPS13B,2183
VPS13C,23594
VPS13D,23595
VPS16,14584
VPS18,15972
VPS25,28122
VPS26A,12711
VPS26C,3044
VPS28,18178
VPS29,14340
VPS33A,18179
VPS33B,12712
VPS35,13487
VPS35L,24641
VPS37B,25754
VPS37C,26097
VPS39,20593
VPS41,12713
VPS4A,13488
VPS4B,10895
VPS50,25956
VPS51,1172
VPS52,10518
VPS53,25608
VPS54,18652
VPS72,11644
VPS8,29122
VRK1,12718
VRK2,12719
VRK3,18996
VSIG10,26078
VSIR,30085
VSNL1,12722
VSTM2L,16096
VSX1,12723
VTCN1,28873
VTI1A,17792
VTI1B,17793
VTN,12724
VTRNA2_1,37054
VWA1,30910
VWA3B,28385
VWA5A,6658
VWCE,26487
VWF,12726
VWFP1,12727
WAC,17327
WAPL,23293
WARS1,12729
WARS2,12730
WAS,12731
WASF1,12732
WASF2,12733
WASF3,12734
WASHC1,24361
WASHC2C,23414
WASHC3,24256
WASHC4,29174
WASHC5,28984
WASL,12735
WBP1,12737
WBP11,16461
WBP1L,23510
WBP2,12738
WBP4,12739
WDCP,26157
WDFY1,20451
WDFY3,20751
WDHD1,23170
WDPCP,28027
WDR1,12754
WDR11,13831
WDR12,14098
WDR18,17956
WDR24,20852
WDR25,21064
WDR26,21208
WDR27,21248
WDR36,30696
WDR37,31406
WDR4,12756
WDR43,28945
WDR45,28912
WDR45B,25072
WDR48,30914
WDR5,12757
WDR55,25971
WDR59,25706
WDR6,12758
WDR62,24502
WDR64,26570
WDR7,13490
WDR72,26790
WDR74,25529
WDR76,25773
WDR77,29652
WDR81,26600
WDR82,28826
WDR83,32672
WDR86,28020
WDR91,24997
WDR93,26924
WDSUB1,26697
WEE1,12761
WEE2,19684
WFS1,12762
WHAMM,30493
WHRN,16361
WIF1,18081
WIPF1,12736
WIPF2,30923
WIPF3,22004
WIPI1,25471
WIPI2,32225
WLS,30238
WNK1,14540
WNK2,14542
WNK3,14543
WNK4,14544
WNT1,12774
WNT10A,13829
WNT10B,12775
WNT11,12776
WNT16,16267
WNT2,12780
WNT2B,12781
WNT3,12782
WNT3A,15983
WNT4,12783
WNT5A,12784
WNT5B,16265
WNT6,12785
WNT7A,12786
WNT7B,12787
WNT8A,12788
WNT8B,12789
WNT9A,12778
WNT9B,12779
WRAP53,25522
WRAP73,12759
WRN,12791
WRNIP1,20876
WSB1,19221
WSCD1,29060
WSCD2,29117
WT1,12796
WTAP,16846
WWC1,29435
WWC2,24148
WWC3,29237
WWOX,12799
WWP1,17004
WWP2,16804
WWTR1,24042
XAB2,14089
XAF1,30932
XBP1,12801
XCL1,10645
XCL2,10646
XCR1,1625
XDH,12805
XIAP,592
XIRP1,14301
XIRP2,14303
XIST,12810
XKR7,23062
XPA,12814
XPC,12816
XPNPEP1,12822
XPNPEP3,28052
XPO1,12825
XPO5,17675
XPO6,19733
XPO7,14108
XPOT,12826
XPR1,12827
XRCC1,12828
XRCC2,12829
XRCC3,12830
XRCC4,12831
XRCC5,12833
XRCC6,4055
XRCC6P1,45183
XRN1,30654
XRN2,12836
XRRA1,18868
XXYLT1,26639
XYLB,12839
XYLT1,15516
XYLT2,15517
YAP1,16262
YARS1,12840
YARS2,24249
YBX1,8014
YBX1P3,42424
YBX2,17948
YBX2P1,49498
YBX3,2428
YDJC,27158
YEATS2,25489
YEATS4,24859
YES1,12841
YIF1A,16688
YIF1B,30511
YJEFN3,24785
YKT6,16959
YLPM1,17798
YME1L1,12843
YOD1,25035
YPEL3,18327
YPEL5,18329
YTHDC1,30626
YTHDC2,24721
YTHDF1,15867
YTHDF2,31675
YTHDF3,26465
YWHAB,12849
YWHAE,12851
YWHAG,12852
YWHAH,12853
YWHAQ,12854
YWHAZ,12855
YWHAZP8,39029
YY1,12856
YY1AP1,30935
YY1P1,45094
YY2,31684
ZAP70,12858
ZBED1,447
ZBED5,30803
ZBP1,16176
ZBTB1,20259
ZBTB10,30953
ZBTB11,16740
ZBTB12,19066
ZBTB14,12860
ZBTB16,12930
ZBTB17,12936
ZBTB18,13030
ZBTB2,20868
ZBTB20,13503
ZBTB21,13083
ZBTB25,13112
ZBTB3,22918
ZBTB32,16763
ZBTB33,16682
ZBTB34,31446
ZBTB38,26636
ZBTB4,23847
ZBTB44,25001
ZBTB46,16094
ZBTB47,26955
ZBTB48,4930
ZBTB5,23836
ZBTB7A,18078
ZBTB7B,18668
ZBTB7C,31700
ZBTB8A,24172
ZBTB8OS,24094
ZBTB8OSP1,19043
ZC3H11A,29093
ZC3H12A,26259
ZC3H12C,29362
ZC3H12D,21175
ZC3H14,20509
ZC3H15,29528
ZC3H18,25091
ZC3H3,28972
ZC3H4,17808
ZC3H7A,30959
ZC3H8,30941
ZC3HAV1,23721
ZC3HC1,29913
ZCCHC10,25954
ZCCHC12,27273
ZCCHC2,22916
ZCCHC7,26209
ZCCHC8,25265
ZCCHC9,25424
ZCRB1,29620
ZCWPW1,23486
ZDBF2,29313
ZDHHC1,17916
ZDHHC11,19158
ZDHHC11B,32962
ZDHHC12,19159
ZDHHC13,18413
ZDHHC14,20341
ZDHHC15,20342
ZDHHC16,20714
ZDHHC17,18412
ZDHHC18,20712
ZDHHC19,20713
ZDHHC2,18469
ZDHHC20,20749
ZDHHC21,20750
ZDHHC22,20106
ZDHHC23,28654
ZDHHC24,27387
ZDHHC3,18470
ZDHHC4,18471
ZDHHC5,18472
ZDHHC6,19160
ZDHHC7,18459
ZDHHC8,18474
ZDHHC9,18475
ZEB1,11642
ZEB2,14881
ZFAND3,18019
ZFAND4,23504
ZFAND5,13008
ZFAND6,30164
ZFAS1,33101
ZFAT,19899
ZFC3H1,28328
ZFHX3,777
ZFHX4,30939
ZFP1,23328
ZFP30,29555
ZFP36,12862
ZFP36L1,1107
ZFP36L2,1108
ZFP37,12863
ZFP42,30949
ZFP62,23241
ZFP64,15940
ZFP69,24708
ZFP90,23329
ZFP91,14983
ZFPL1,12868
ZFPM1,19762
ZFPM2,16700
ZFPM2_AS1,50698
ZFR,17277
ZFX,12869
ZFYVE1,13180
ZFYVE21,20760
ZFYVE26,20761
ZFYVE28,29334
ZFYVE9,6775
ZG16B,30456
ZHX1,12871
ZHX2,18513
ZHX3,15935
ZIC1,12872
ZIC2,12873
ZIC3,12874
ZIC4,20393
ZIC5,20322
ZIM2,12875
ZKSCAN1,13101
ZMAT2,26433
ZMAT3,29983
ZMIZ1,16493
ZMIZ2,22229
ZMPSTE24,12877
ZMYM2,12989
ZMYM3,13054
ZMYM4,13055
ZMYND10,19412
ZMYND11,16966
ZMYND8,9397
ZNF106,12886
ZNF107,12887
ZNF112,12892
ZNF114,12894
ZNF117,12897
ZNF12,12902
ZNF121,12904
ZNF124,12907
ZNF131,12915
ZNF134,12918
ZNF140,12925
ZNF143,12928
ZNF146,12931
ZNF148,12933
ZNF155,12940
ZNF157,12942
ZNF16,12947
ZNF160,12948
ZNF165,12953
ZNF169,12957
ZNF175,12964
ZNF181,12971
ZNF184,12975
ZNF185,12976
ZNF19,12981
ZNF195,12986
ZNF197,12988
ZNF20,12992
ZNF200,12993
ZNF202,12994
ZNF205,12996
ZNF207,12998
ZNF213,13005
ZNF215,13007
ZNF217,13009
ZNF219,13011
ZNF221,13014
ZNF222,13015
ZNF223,13016
ZNF224,13017
ZNF226,13019
ZNF227,13020
ZNF23,13023
ZNF230,13024
ZNF234,13027
ZNF235,12866
ZNF24,13032
ZNF248,13041
ZNF25,13043
ZNF250,13044
ZNF251,13045
ZNF254,13047
ZNF26,13053
ZNF263,13056
ZNF267,13060
ZNF268,13061
ZNF271P,13065
ZNF273,13067
ZNF274,13068
ZNF276,23330
ZNF277,13070
ZNF280D,25953
ZNF281,13075
ZNF282,13076
ZNF285BP,33262
ZNF292,18410
ZNF3,13089
ZNF300,13091
ZNF302,13848
ZNF304,13505
ZNF311,13847
ZNF317,13507
ZNF318,13578
ZNF319,13644
ZNF32,13095
ZNF322,23640
ZNF324B,33107
ZNF329,14209
ZNF330,15462
ZNF331,15489
ZNF333,15624
ZNF335,15807
ZNF337,15809
ZNF33B,13097
ZNF341,15992
ZNF343,16017
ZNF345,16367
ZNF346,16403
ZNF35,13099
ZNF350,16656
ZNF354A,11628
ZNF362,18079
ZNF365,18194
ZNF367,18320
ZNF37BP,13103
ZNF382,17409
ZNF383,18609
ZNF384,11955
ZNF385A,17521
ZNF385B,26332
ZNF385D,26191
ZNF395,18737
ZNF396,18824
ZNF397,18818
ZNF398,18373
ZNF407,19904
ZNF41,13107
ZNF410,20144
ZNF414,20630
ZNF417,20646
ZNF418,20647
ZNF419,20648
ZNF420,20649
ZNF423,16762
ZNF425,20690
ZNF436,20814
ZNF438,21029
ZNF44,13110
ZNF440,20874
ZNF444,16052
ZNF45,13111
ZNF451,21091
ZNF460,21628
ZNF461,21629
ZNF462,21684
ZNF469,23216
ZNF471,23226
ZNF48,13114
ZNF485,23440
ZNF490,23705
ZNF496,23713
ZNF500,23716
ZNF501,23717
ZNF502,23718
ZNF503,23589
ZNF507,23783
ZNF510,29161
ZNF511,28445
ZNF512B,29212
ZNF513,26498
ZNF514,25894
ZNF516,28990
ZNF518A,29009
ZNF519,30574
ZNF521,24605
ZNF524,28322
ZNF529,29328
ZNF532,30940
ZNF536,29025
ZNF546,28671
ZNF550,28643
ZNF555,28382
ZNF557,28632
ZNF559,28197
ZNF560,26484
ZNF561,28684
ZNF562,25950
ZNF564,31106
ZNF565,26726
ZNF566,25919
ZNF567,28696
ZNF567_DT,51281
ZNF569,24737
ZNF57,13125
ZNF570,26416
ZNF571,25000
ZNF572,26758
ZNF574,26166
ZNF577,28673
ZNF580,29473
ZNF581,25017
ZNF583,26427
ZNF584,27318
ZNF585A,26305
ZNF585B,30948
ZNF587,30955
ZNF587P1,42438
ZNF589,16747
ZNF592,28986
ZNF594,29392
ZNF596,27268
ZNF597,26573
ZNF598,28079
ZNF599,26408
ZNF605,28068
ZNF606,25879
ZNF608,29238
ZNF610,26687
ZNF611,28766
ZNF613,25827
ZNF614,24722
ZNF615,24740
ZNF616,28062
ZNF618,29416
ZNF619,26910
ZNF622,30958
ZNF626,30461
ZNF630,28855
ZNF638,17894
ZNF639,30950
ZNF644,29222
ZNF646,29004
ZNF652,29147
ZNF653,25196
ZNF654,25612
ZNF655,30899
ZNF668,25821
ZNF669,25736
ZNF670,28167
ZNF671,26279
ZNF678,28652
ZNF680,26897
ZNF687,29277
ZNF689,25173
ZNF691,28028
ZNF692,26049
ZNF695,30954
ZNF7,13139
ZNF704,32291
ZNF710,25352
ZNF713,22043
ZNF721,29425
ZNF740,27465
ZNF746,21948
ZNF749,32783
ZNF750,25843
ZNF75A,13146
ZNF76,13149
ZNF763,27614
ZNF764,28200
ZNF765,25092
ZNF766,28063
ZNF768,26273
ZNF77,13150
ZNF773,30487
ZNF774,33108
ZNF775,28501
ZNF776,26765
ZNF777,22213
ZNF778,26479
ZNF782,33110
ZNF784,33111
ZNF786,21806
ZNF787,26998
ZNF79,13153
ZNF790,33114
ZNF792,24751
ZNF8,13154
ZNF804A,21711
ZNF804B,21958
ZNF81,13156
ZNF814,33258
ZNF821,28043
ZNF827,27193
ZNF83,13158
ZNF831,16167
ZNF837,25164
ZNF839,20345
ZNF84,13159
ZNF841,27611
ZNF850,27994
ZNF860,34513
ZNF875,4928
ZNF878,37246
ZNF879,37273
ZNF883,27271
ZNF91,13166
ZNF92,13168
ZNF93,13169
ZNFX1,29271
ZNG1C,18519
ZNHIT1,21688
ZNHIT2,1177
ZNRF1,18452
ZNRF2,22316
ZNRF3,18126
ZNRF4,17726
ZP1,13187
ZP3,13189
ZPBP2,20678
ZPLD1,27022
ZPR1,13051
ZRANB1,18224
ZRANB2,13058
ZRANB3,25249
ZRSR2,23019
ZSCAN1,23712
ZSCAN10,12997
ZSCAN18,21037
ZSCAN2,20994
ZSCAN20,13093
ZSCAN22,4929
ZSCAN25,21961
ZSCAN31,14097
ZSCAN9,12984
ZSWIM2,30990
ZSWIM3,16157
ZSWIM4,25704
ZSWIM5,29299
ZSWIM8,23528
ZW10,13194
ZWILCH,25468
ZWINT,13195
ZXDC,28160
ZYG11B,25820
ZYX,13200
ZZEF1,29027
ZZZ3,24523
